date,UNRATE,PCEPI,PCEPILFE,RPI,PMSAVE,ALTSALES,INDPRO,TCU,PERMIT,HOUST,CIVPART,CPIAUCSL,CPILFESL,AtmCO2,goldMP,silverMP,globalTemp
1976-01-01,7.9,27.795,27.844,5206.807,150.6,12.512,42.9179,78.5352,1195.0,1367.0,61.3,55.8,55.9,331.56,140.35,4.164,0.07977
1976-02-01,7.7,27.831,27.955,5237.103,159.8,13.044,43.3469,79.1583,1190.0,1538.0,61.3,55.9,56.2,332.74,130.4,3.994,-0.569428
1976-03-01,7.6,27.873,28.047,5250.841,158.5,13.085,43.4396,79.1609,1164.0,1421.0,61.3,56.0,56.5,333.36,132.3,4.193,-0.848885
1976-04-01,7.7,27.936,28.157,5271.098,152.5,12.915,43.6562,79.3847,1132.0,1395.0,61.6,56.1,56.7,334.74,129.2,4.121,-0.063653
1976-05-01,7.4,28.069,28.29,5277.153,161.4,12.645,43.842,79.5472,1194.0,1459.0,61.5,56.4,57.0,334.72,128.35,4.414,-0.58281
1976-06-01,7.6,28.192,28.405,5284.953,150.5,12.727,43.8892,79.4537,1188.0,1495.0,61.5,56.7,57.2,333.98,126.65,4.677,-0.477592
1976-07-01,7.8,28.335,28.561,5317.491,155.5,13.122,44.1328,79.7129,1245.0,1401.0,61.8,57.0,57.6,333.08,122.9,4.818,-0.453358
1976-08-01,7.8,28.491,28.726,5332.551,157.0,12.594,44.4373,80.0788,1309.0,1550.0,61.8,57.3,57.9,330.68,111.9,4.471,-0.272633
1976-09-01,7.6,28.651,28.894,5337.168,153.8,13.209,44.5848,80.1586,1481.0,1720.0,61.6,57.6,58.2,328.96,105.7,4.088,-0.036119
1976-10-01,7.7,28.801,29.036,5335.461,150.4,12.537,44.5707,79.9457,1425.0,1629.0,61.6,57.9,58.5,328.72,116.0,4.36,-1.108638
1976-11-01,7.8,28.932,29.168,5382.241,156.3,13.006,45.2543,80.9791,1531.0,1641.0,61.9,58.1,58.7,330.16,122.6,4.299,-0.801555
1976-12-01,7.8,29.094,29.326,5398.735,146.4,14.197,45.7422,81.6559,1511.0,1804.0,61.8,58.4,58.9,331.62,130.5,4.242,-0.748783
1977-01-01,7.5,29.263,29.505,5372.549,147.6,14.019,45.4293,80.9038,1466.0,1527.0,61.6,58.7,59.3,332.68,135.7,4.426,-0.567784
1977-02-01,7.6,29.492,29.686,5389.96,129.4,14.335,46.1459,81.9747,1560.0,1943.0,61.9,59.3,59.7,333.17,132.6,4.469,-0.49821
1977-03-01,7.4,29.64,29.812,5413.846,148.6,14.782,46.7314,82.8042,1660.0,2063.0,62.0,59.6,60.0,334.96,141.4,4.718,-0.207956
1977-04-01,7.2,29.812,29.959,5437.2,149.7,14.753,47.188,83.3995,1660.0,1892.0,62.1,60.0,60.3,336.14,148.3,4.836,0.138507
1977-05-01,7.0,29.963,30.112,5450.793,147.1,14.605,47.552,83.8236,1668.0,1971.0,62.2,60.2,60.6,336.93,148.35,4.774,0.267719
1977-06-01,7.2,30.131,30.292,5459.172,154.3,14.571,47.9155,84.239,1752.0,1893.0,62.4,60.5,61.0,336.17,143.85,4.585,0.184161
1977-07-01,6.9,30.287,30.479,5489.51,154.1,14.306,47.9773,84.12,1687.0,2058.0,62.1,60.8,61.2,334.89,142.55,4.523,-0.058699
1977-08-01,7.0,30.428,30.629,5511.046,161.4,14.488,48.0266,83.9765,1780.0,2020.0,62.3,61.1,61.5,332.56,144.2,4.514,-0.095596
1977-09-01,6.8,30.543,30.758,5545.405,165.8,14.274,48.2179,84.0778,1674.0,1949.0,62.3,61.3,61.8,331.29,145.43,4.47,0.040681
1977-10-01,6.8,30.685,30.907,5593.319,166.4,14.511,48.295,83.9767,1758.0,2042.0,62.4,61.6,62.0,331.28,155.45,4.656,-0.360848
1977-11-01,6.8,30.861,31.067,5637.491,171.3,14.396,48.3823,83.8911,1771.0,2042.0,62.8,62.0,62.3,332.46,162.5,4.875,0.311445
1977-12-01,6.4,31.011,31.227,5662.417,175.7,14.789,48.4679,83.8023,1754.0,2142.0,62.7,62.3,62.7,333.6,160.3,4.779,-0.394364
1978-01-01,6.4,31.194,31.414,5642.502,184.0,13.334,47.7604,82.3473,1740.0,1718.0,62.8,62.7,63.1,334.94,169.2,4.87,-0.258314
1978-02-01,6.3,31.339,31.535,5667.791,174.3,13.969,48.0271,82.5737,1736.0,1738.0,62.7,63.0,63.4,335.26,176.4,5.0,-0.42415
1978-03-01,6.3,31.542,31.706,5700.022,174.6,14.714,48.9459,83.9168,1799.0,2032.0,62.8,63.4,63.8,336.66,182.5,5.007,-0.166889
1978-04-01,6.1,31.781,31.911,5732.667,172.7,15.757,49.9198,85.3482,1948.0,2197.0,63.0,63.9,64.3,337.69,183.4,5.417,-0.194907
1978-05-01,6.0,32.008,32.099,5739.268,167.0,15.83,50.1602,85.5208,1766.0,2075.0,63.1,64.5,64.7,338.02,168.9,4.977,-0.354557
1978-06-01,5.9,32.217,32.278,5760.201,163.3,15.868,50.4826,85.8308,1983.0,2070.0,63.3,65.0,65.2,338.01,183.0,5.401,-0.558388
1978-07-01,6.2,32.393,32.468,5791.884,178.8,15.086,50.4464,85.5323,1786.0,2092.0,63.2,65.5,65.6,336.5,183.25,5.272,-0.469368
1978-08-01,5.9,32.557,32.642,5818.097,173.5,15.676,50.6531,85.6465,1691.0,1996.0,63.2,65.9,66.1,334.42,205.1,5.716,-0.45297
1978-09-01,6.0,32.742,32.83,5825.741,177.1,14.195,50.7724,85.6125,1751.0,1970.0,63.3,66.5,66.7,332.36,208.0,5.519,-0.060951
1978-10-01,5.8,33.003,33.071,5847.005,180.4,15.391,51.1649,86.0371,1781.0,1981.0,63.3,67.1,67.2,332.45,217.1,5.673,-0.16206
1978-11-01,5.9,33.19,33.249,5857.195,177.4,15.015,51.5582,86.4614,1795.0,2094.0,63.5,67.5,67.6,333.76,227.5,6.134,0.251836
1978-12-01,6.0,33.345,33.378,5890.505,177.7,14.839,51.8153,86.6562,1818.0,2044.0,63.6,67.9,68.0,334.91,194.65,5.949,-0.471788
1979-01-01,5.9,33.597,33.549,5910.093,192.9,14.626,51.5359,85.9566,1461.0,1630.0,63.6,68.5,68.5,336.14,226.8,6.083,-0.602869
1979-02-01,5.9,33.776,33.659,5933.423,193.5,14.856,51.7994,86.1651,1492.0,1520.0,63.8,69.2,69.2,336.69,229.35,6.644,-1.530911
1979-03-01,5.8,34.04,33.852,5951.404,198.2,14.839,51.9544,86.1935,1720.0,1847.0,63.8,69.9,69.8,338.27,248.8,7.624,-0.484441
1979-04-01,5.8,34.395,34.165,5903.905,194.4,14.304,51.334,84.9421,1597.0,1748.0,63.5,70.6,70.3,338.82,239.7,7.461,-0.889048
1979-05-01,5.6,34.751,34.462,5883.494,183.8,13.966,51.7922,85.4801,1684.0,1876.0,63.3,71.4,70.8,339.24,247.3,8.02,-0.275074
1979-06-01,5.7,35.038,34.655,5880.39,176.6,12.363,51.7961,85.2706,1640.0,1913.0,63.5,72.2,71.3,339.26,275.1,8.634,-0.198374
1979-07-01,5.7,35.305,34.829,5924.962,192.3,13.712,51.7124,84.9248,1534.0,1760.0,63.6,73.0,71.9,337.54,282.5,8.697,0.003011
1979-08-01,6.0,35.575,35.06,5934.384,179.1,13.999,51.3766,84.1753,1591.0,1778.0,63.6,73.7,72.7,335.72,290.1,9.095,-0.121365
1979-09-01,5.9,35.889,35.299,5934.022,174.9,13.953,51.3741,83.9806,1638.0,1832.0,63.8,74.4,73.3,333.97,322.9,10.905,0.153776
1979-10-01,6.0,36.182,35.557,5934.119,181.1,12.733,51.7268,84.3728,1481.0,1681.0,63.7,75.2,74.0,334.24,414.75,17.09,0.271431
1979-11-01,5.9,36.433,35.784,5953.221,182.8,12.667,51.6422,84.0579,1276.0,1524.0,63.7,76.0,74.8,335.32,378.5,16.32,0.128624
1979-12-01,6.0,36.739,36.041,5968.38,192.4,13.198,51.6763,83.9436,1254.0,1498.0,63.9,76.9,75.7,336.81,428.75,19.88,0.615266
1980-01-01,6.3,37.124,36.315,5976.816,192.0,14.115,51.9545,84.2311,1280.0,1341.0,64.0,78.0,76.7,337.9,559.5,39.95,-0.0949
1980-02-01,6.3,37.526,36.677,5949.587,197.5,12.967,51.9779,84.1083,1199.0,1350.0,64.0,79.0,77.5,338.34,676.5,35.314,0.261446
1980-03-01,6.3,37.987,37.017,5918.133,201.7,11.797,51.7565,83.5935,988.0,1047.0,63.7,80.1,78.6,340.07,633.75,34.75,-0.553197
1980-04-01,6.9,38.185,37.207,5911.122,223.5,10.198,50.7369,81.7958,808.0,1051.0,63.8,80.9,79.5,340.93,509.5,16.99,-0.119986
1980-05-01,7.5,38.482,37.507,5892.81,226.7,9.31,49.49,79.638,861.0,927.0,63.9,81.7,80.1,341.45,490.0,12.0,0.101242
1980-06-01,7.6,38.725,37.756,5906.964,224.7,10.181,48.8505,78.4608,1118.0,1196.0,63.7,82.5,81.0,341.36,561.5,14.65,-0.040268
1980-07-01,7.8,39.026,38.021,5950.966,229.9,11.381,48.4997,77.7482,1259.0,1269.0,63.8,82.6,80.8,339.45,660.0,17.101,0.053485
1980-08-01,7.7,39.351,38.296,5963.437,232.0,10.86,48.6554,77.8447,1367.0,1436.0,63.7,83.2,81.3,337.67,622.0,15.61,-0.006617
1980-09-01,7.5,39.715,38.657,5989.16,242.4,10.622,49.4677,78.9834,1484.0,1471.0,63.6,83.9,82.1,336.25,628.75,15.99,-0.095976
1980-10-01,7.5,40.033,38.975,6040.861,237.0,11.146,50.0947,79.8159,1366.0,1523.0,63.7,84.7,83.0,336.14,682.0,21.752,0.178928
1980-11-01,7.5,40.359,39.282,6055.398,246.7,11.014,50.9311,80.9704,1383.0,1510.0,63.8,85.6,83.9,337.3,640.5,18.83,0.188012
1980-12-01,7.2,40.621,39.518,6084.759,244.7,10.718,51.2644,81.3163,1249.0,1482.0,63.6,86.4,84.9,338.29,635.0,18.902,-0.23901
1981-01-01,7.5,41.011,39.861,6065.141,235.0,11.036,50.9453,80.6229,1221.0,1547.0,63.9,87.2,85.4,339.29,597.5,15.8,1.305926
1981-02-01,7.4,41.426,40.152,6048.204,235.1,12.116,50.7332,80.0944,1199.0,1246.0,63.9,88.0,85.9,340.55,493.5,12.855,0.732634
1981-03-01,7.4,41.715,40.375,6067.35,236.8,12.185,50.9922,80.3057,1183.0,1306.0,64.1,88.6,86.4,341.63,465.5,11.6,0.616543
1981-04-01,7.2,41.897,40.633,6056.169,237.6,10.212,50.778,79.7704,1190.0,1360.0,64.2,89.1,87.0,342.6,514.25,12.03,0.305928
1981-05-01,7.5,42.085,40.913,6074.295,241.3,10.136,51.0667,80.0226,1173.0,1140.0,64.3,89.7,87.8,343.04,487.5,11.13,0.082592
1981-06-01,7.5,42.253,41.117,6107.73,240.5,10.205,51.3355,80.2399,976.0,1045.0,63.7,90.5,88.6,342.54,483.25,10.673,0.271707
1981-07-01,7.2,42.508,41.365,6199.452,280.3,10.206,51.6646,80.5506,935.0,1041.0,63.8,91.5,89.8,340.82,422.0,8.45,0.081882
1981-08-01,7.4,42.774,41.642,6222.937,275.7,12.457,51.6049,80.2571,889.0,940.0,63.8,92.2,90.7,338.48,392.5,8.24,0.235208
1981-09-01,7.6,43.033,41.915,6213.748,285.6,10.863,51.3527,79.6687,847.0,911.0,63.5,93.1,91.8,336.95,421.5,9.15,0.0744
1981-10-01,7.9,43.228,42.165,6190.074,299.3,9.209,50.9581,78.866,731.0,873.0,63.8,93.4,92.1,337.05,436.75,9.32,0.312483
1981-11-01,8.3,43.46,42.411,6197.172,305.3,9.294,50.3634,77.7627,748.0,837.0,63.9,93.8,92.5,338.58,430.0,9.168,0.493823
1981-12-01,8.5,43.594,42.568,6193.277,290.1,8.849,49.8181,76.7466,796.0,910.0,63.6,94.1,93.0,339.91,402.5,8.068,0.601019
1982-01-01,8.6,43.853,42.829,6179.452,297.1,10.075,48.7979,75.0122,794.0,843.0,63.7,94.4,93.3,340.93,395.0,8.062,-0.835689
1982-02-01,8.9,43.985,42.994,6205.602,285.6,10.725,49.7942,76.3833,808.0,866.0,63.8,94.7,93.8,341.76,379.5,8.12,-0.263175
1982-03-01,9.0,44.098,43.182,6201.39,287.5,10.457,49.459,75.7186,891.0,931.0,63.8,94.7,93.9,342.78,361.25,7.741,-0.667814
1982-04-01,9.3,44.12,43.353,6244.64,308.8,9.541,49.0072,74.8888,888.0,917.0,63.9,95.0,94.7,343.96,327.0,7.11,-0.120417
1982-05-01,9.4,44.382,43.589,6244.365,294.0,10.9,48.6784,74.2587,953.0,1025.0,64.2,95.9,95.4,344.77,341.75,6.898,-0.405557
1982-06-01,9.6,44.704,43.808,6223.394,293.9,9.42,48.5529,73.9501,913.0,902.0,63.9,97.0,96.1,343.88,318.75,6.096,-0.321802
1982-07-01,9.8,44.969,44.092,6223.874,305.5,9.585,48.3859,73.5908,1044.0,1166.0,64.0,97.5,96.7,342.42,310.25,5.712,0.047601
1982-08-01,9.8,45.108,44.295,6236.193,308.4,9.779,47.9495,72.8353,926.0,1046.0,64.1,97.7,97.1,340.24,351.35,6.888,-0.213435
1982-09-01,10.1,45.233,44.459,6233.608,289.2,10.958,47.8258,72.5682,1042.0,1144.0,64.1,97.7,97.2,338.38,405.25,7.69,-0.029595
1982-10-01,10.4,45.487,44.741,6229.736,278.5,9.981,47.3656,71.8027,1149.0,1173.0,64.1,98.1,97.5,338.41,402.0,8.232,-0.233971
1982-11-01,10.8,45.624,44.906,6253.827,271.6,11.866,47.2148,71.5184,1229.0,1372.0,64.2,98.0,97.3,339.44,427.25,10.18,-0.732321
1982-12-01,10.8,45.693,45.049,6286.221,274.3,11.073,46.8797,70.9657,1351.0,1303.0,64.1,97.7,97.2,340.78,440.25,10.14,0.2201
1983-01-01,10.4,45.906,45.357,6279.297,281.8,10.688,47.7491,72.2448,1426.0,1586.0,63.9,97.9,97.6,341.57,449.5,11.065,0.449693
1983-02-01,10.4,45.984,45.525,6283.89,283.3,10.441,47.4548,71.77,1471.0,1699.0,63.8,98.0,98.0,342.79,508.5,14.302,0.044317
1983-03-01,10.3,46.043,45.583,6314.258,272.3,10.832,47.8516,72.3463,1475.0,1606.0,63.7,98.1,98.2,343.37,414.0,10.68,0.136061
1983-04-01,10.2,46.253,45.721,6319.274,264.8,11.507,48.4511,73.2328,1566.0,1472.0,63.8,98.8,98.6,345.39,426.75,10.975,-0.529953
1983-05-01,10.1,46.384,45.787,6351.636,257.0,11.865,48.7542,73.6723,1669.0,1776.0,63.7,99.2,98.9,346.14,433.5,12.117,-0.391806
1983-06-01,10.1,46.557,46.001,6360.3,237.8,12.785,49.0496,74.0991,1769.0,1733.0,64.3,99.4,99.2,345.76,410.0,12.745,-0.133894
1983-07-01,9.4,46.82,46.311,6378.268,255.6,12.733,49.7773,75.1751,1795.0,1785.0,64.1,99.8,99.8,344.32,416.25,11.565,0.200504
1983-08-01,9.5,47.02,46.55,6369.041,244.9,12.048,50.3727,76.044,1713.0,1910.0,64.3,100.1,100.1,342.51,411.25,11.805,0.398369
1983-09-01,9.2,47.185,46.738,6412.175,258.0,12.258,51.098,77.0993,1585.0,1710.0,64.3,100.4,100.5,340.46,416.6,12.16,0.308067
1983-10-01,8.8,47.265,46.821,6473.198,262.6,13.103,51.4993,77.6543,1716.0,1715.0,64.0,100.8,101.0,340.53,389.0,10.4,0.10811
1983-11-01,8.5,47.332,46.93,6524.235,280.1,12.899,51.727,77.9349,1668.0,1785.0,64.1,101.1,101.5,341.79,377.75,8.37,0.806819
1983-12-01,8.3,47.358,46.965,6581.287,277.9,14.278,51.9886,78.2537,1627.0,1688.0,64.1,101.4,101.8,343.2,399.25,9.58,-0.120597
1984-01-01,8.0,47.564,47.121,6603.03,276.1,13.998,53.0175,79.7126,1816.0,1897.0,63.9,102.1,102.5,344.21,383.0,8.96,0.291779
1984-02-01,7.8,47.884,47.418,6639.713,326.2,14.13,53.2651,79.9814,1987.0,2260.0,64.1,102.6,102.8,344.92,378.15,8.702,-0.428317
1984-03-01,7.8,48.041,47.598,6679.057,324.9,13.967,53.5145,80.2384,1725.0,1663.0,64.1,102.9,103.2,345.68,392.75,9.625,-0.109422
1984-04-01,7.7,48.224,47.822,6721.247,327.8,14.094,53.8319,80.5838,1776.0,1851.0,64.3,103.3,103.7,347.38,387.2,9.742,-0.499646
1984-05-01,7.4,48.285,47.933,6735.713,317.6,14.569,54.1204,80.8718,1741.0,1774.0,64.5,103.5,104.1,347.78,376.5,8.928,0.260454
1984-06-01,7.2,48.371,48.046,6785.832,319.6,14.394,54.3133,81.0034,1814.0,1843.0,64.6,103.7,104.5,347.16,393.75,9.363,-0.057588
1984-07-01,7.5,48.544,48.253,6800.935,333.4,14.455,54.4644,81.0623,1605.0,1732.0,64.6,104.1,105.0,345.79,370.0,8.295,-0.1039
1984-08-01,7.5,48.693,48.412,6845.315,343.9,14.006,54.53,80.9851,1530.0,1586.0,64.4,104.4,105.4,343.74,339.0,7.015,0.019487
1984-09-01,7.3,48.759,48.486,6897.723,346.8,13.662,54.3775,80.5773,1523.0,1698.0,64.4,104.7,105.8,341.59,344.5,7.315,-0.138538
1984-10-01,7.4,48.874,48.595,6877.638,344.9,14.342,54.3528,80.3528,1490.0,1590.0,64.4,105.1,106.2,341.86,345.4,7.453,0.107195
1984-11-01,7.2,48.943,48.698,6913.808,320.6,14.444,54.5344,80.4271,1643.0,1689.0,64.5,105.3,106.4,343.31,333.8,7.176,-0.316112
1984-12-01,7.3,49.081,48.891,6960.651,333.8,14.306,54.5608,80.2683,1626.0,1612.0,64.6,105.5,106.8,345.0,329.5,6.998,-0.936913
1985-01-01,7.3,49.326,49.165,6953.088,308.0,15.265,54.5342,80.0283,1660.0,1711.0,64.7,105.7,107.1,345.48,305.5,6.25,0.219071
1985-02-01,7.2,49.555,49.42,6958.565,269.6,15.432,54.7019,80.0705,1662.0,1632.0,64.7,106.3,107.7,346.41,303.6,6.295,-0.971032
1985-03-01,7.2,49.749,49.593,6988.108,258.6,15.049,54.7739,79.972,1727.0,1800.0,64.9,106.8,108.1,347.91,287.25,5.605,-0.168392
1985-04-01,7.3,49.821,49.652,6975.177,301.7,15.224,54.6662,79.6139,1664.0,1821.0,64.9,107.0,108.4,348.66,321.1,6.52,-0.390821
1985-05-01,7.2,49.939,49.823,6990.38,347.0,15.27,54.7472,79.5339,1709.0,1680.0,64.8,107.2,108.8,349.28,312.5,6.15,-0.093468
1985-06-01,7.4,50.075,49.988,7015.149,295.6,14.8,54.7211,79.3029,1716.0,1676.0,64.6,107.5,109.1,348.65,318.1,6.209,-0.075745
1985-07-01,7.4,50.198,50.134,7025.338,282.7,15.222,54.4381,78.7087,1697.0,1684.0,64.7,107.7,109.4,346.9,313.9,6.095,-0.328357
1985-08-01,7.1,50.364,50.38,7025.068,253.4,16.633,54.619,78.7942,1808.0,1743.0,64.6,107.9,109.8,345.26,322.1,6.25,-0.085867
1985-09-01,7.1,50.449,50.484,7057.327,228.9,18.809,54.82,78.918,1916.0,1676.0,64.9,108.1,110.0,343.47,334.65,6.223,-0.102878
1985-10-01,7.1,50.533,50.565,7091.229,288.0,13.887,54.6304,78.4912,1743.0,1834.0,65.0,108.5,110.5,343.35,322.25,6.0,-0.074532
1985-11-01,7.0,50.68,50.689,7102.139,286.2,14.333,54.8176,78.6182,1692.0,1698.0,64.9,109.0,111.1,344.73,323.5,6.068,-0.149794
1985-12-01,7.0,50.85,50.827,7145.546,275.4,15.387,55.3596,79.2651,1794.0,1942.0,65.0,109.5,111.4,346.12,321.5,6.102,0.02301
1986-01-01,6.7,51.084,51.101,7140.925,279.5,15.781,55.6511,79.5636,1847.0,1972.0,64.9,109.9,111.9,346.78,326.3,5.81,0.339734
1986-02-01,7.2,51.084,51.233,7176.182,302.7,15.126,55.27,78.9134,1767.0,1848.0,65.0,109.7,112.2,347.48,347.3,6.035,0.218388
1986-03-01,7.2,50.972,51.389,7243.924,324.7,13.9,54.8828,78.2664,1780.0,1876.0,65.1,109.1,112.5,348.25,335.6,5.65,0.038742
1986-04-01,7.1,50.868,51.482,7267.821,318.0,15.579,54.9456,78.2696,1858.0,1933.0,65.1,108.7,112.9,349.86,333.1,5.185,-0.124505
1986-05-01,7.2,50.961,51.57,7275.711,304.2,16.038,55.0535,78.3421,1797.0,1854.0,65.2,109.0,113.1,350.52,345.1,5.11,0.013106
1986-06-01,7.2,51.151,51.725,7277.787,308.9,15.637,54.837,77.9558,1790.0,1847.0,65.4,109.4,113.4,349.98,341.85,5.205,-0.026161
1986-07-01,7.0,51.164,51.819,7312.343,306.1,15.471,55.1716,78.3535,1780.0,1782.0,65.4,109.5,113.8,348.25,345.1,5.095,-0.225302
1986-08-01,6.9,51.228,51.925,7327.756,296.6,17.01,55.0792,78.1419,1726.0,1807.0,65.3,109.6,114.2,346.17,361.0,5.05,-0.112555
1986-09-01,7.0,51.396,52.096,7334.44,235.7,21.221,55.2317,78.2726,1686.0,1687.0,65.4,110.0,114.6,345.48,391.75,5.205,-0.214306
1986-10-01,7.0,51.488,52.273,7336.284,275.6,14.516,55.4645,78.5086,1675.0,1681.0,65.4,110.2,115.0,344.82,425.0,5.571,-0.08189
1986-11-01,6.9,51.58,52.384,7347.933,286.4,14.545,55.6854,78.7174,1644.0,1623.0,65.4,110.4,115.3,346.22,406.2,5.625,-0.246009
1986-12-01,6.6,51.651,52.452,7373.793,226.2,17.782,56.212,79.3476,1903.0,1833.0,65.3,110.8,115.6,347.48,395.55,5.495,-0.384066
1987-01-01,6.6,51.894,52.578,7361.633,315.2,12.155,56.0012,78.9277,1690.0,1774.0,65.4,111.4,115.9,348.73,403.5,5.363,-0.052244
1987-02-01,6.6,52.076,52.685,7383.378,277.2,14.83,56.7438,79.8385,1689.0,1784.0,65.5,111.8,116.2,348.92,406.75,5.529,0.220719
1987-03-01,6.6,52.214,52.841,7400.008,277.7,15.017,56.8235,79.8055,1704.0,1726.0,65.5,112.2,116.6,349.81,404.25,5.429,-0.744173
1987-04-01,6.3,52.409,53.065,7394.617,134.1,15.167,57.1954,80.1758,1601.0,1614.0,65.4,112.7,117.3,351.4,418.75,6.256,-0.463682
1987-05-01,6.3,52.542,53.214,7439.064,266.6,14.283,57.5498,80.5155,1500.0,1628.0,65.7,113.0,117.7,352.15,456.75,7.935,0.000272
1987-06-01,6.2,52.741,53.36,7432.017,250.1,15.341,57.8603,80.7902,1522.0,1594.0,65.5,113.5,117.9,351.58,442.9,7.339,-0.116654
1987-07-01,6.1,52.863,53.498,7457.261,244.2,15.372,58.2501,81.1772,1516.0,1575.0,65.6,113.8,118.3,350.21,445.75,7.3,0.225875
1987-08-01,6.0,53.072,53.679,7496.646,236.5,16.786,58.6889,81.6378,1511.0,1605.0,65.7,114.3,118.7,348.2,472.75,8.6,0.170946
1987-09-01,5.9,53.251,53.892,7503.262,252.8,15.82,58.9137,81.8095,1514.0,1695.0,65.5,114.7,119.2,346.66,453.75,7.45,0.205541
1987-10-01,6.0,53.42,54.122,7552.866,279.4,13.975,59.7083,82.7829,1447.0,1515.0,65.7,115.0,119.8,346.72,454.9,7.55,-0.120388
1987-11-01,5.8,53.521,54.235,7589.74,291.5,14.227,60.0022,83.0749,1457.0,1656.0,65.7,115.4,120.1,348.08,469.3,7.0,-0.559863
1987-12-01,5.7,53.62,54.349,7675.619,301.8,15.354,60.3336,83.4335,1345.0,1400.0,65.7,115.6,120.4,349.28,487.8,6.99,0.28092
1988-01-01,5.7,53.828,54.606,7669.267,285.3,15.77,60.3186,83.3283,1244.0,1271.0,65.8,116.0,120.9,350.51,480.5,6.635,0.254678
1988-02-01,5.7,53.908,54.718,7703.832,305.9,16.172,60.6209,83.6774,1438.0,1473.0,65.9,116.2,121.2,351.7,452.7,6.535,0.097709
1988-03-01,5.7,54.093,54.952,7724.295,295.5,15.848,60.7591,83.8133,1525.0,1532.0,65.7,116.5,121.7,352.5,429.3,6.208,0.029889
1988-04-01,5.4,54.356,55.219,7744.299,324.0,15.201,61.1144,84.2599,1429.0,1573.0,65.8,117.2,122.3,353.67,453.6,6.73,0.211087
1988-05-01,5.6,54.514,55.407,7751.91,309.8,15.606,60.9952,84.0591,1444.0,1421.0,65.7,117.5,122.7,354.35,445.9,6.358,0.345627
1988-06-01,5.4,54.746,55.641,7779.471,314.8,15.525,61.1697,84.2661,1485.0,1478.0,65.8,118.0,123.2,353.88,456.75,6.709,0.451366
1988-07-01,5.4,55.012,55.868,7814.33,324.6,15.375,61.1749,84.2395,1439.0,1467.0,65.9,118.5,123.6,352.8,436.85,6.686,0.533668
1988-08-01,5.6,55.175,56.007,7834.98,321.1,15.078,61.4851,84.6276,1460.0,1493.0,66.1,119.0,124.0,350.49,434.6,6.863,0.237138
1988-09-01,5.4,55.444,56.307,7850.303,339.7,14.71,61.2844,84.304,1436.0,1492.0,65.9,119.5,124.7,348.97,430.4,6.548,0.366042
1988-10-01,5.4,55.625,56.521,7894.044,333.3,14.815,61.5595,84.623,1516.0,1522.0,66.0,119.9,125.2,349.37,396.0,6.124,0.223008
1988-11-01,5.3,55.754,56.676,7896.3,325.8,15.038,61.7128,84.7603,1508.0,1569.0,66.2,120.3,125.6,350.42,410.9,6.275,-0.062421
1988-12-01,5.3,55.928,56.864,7936.204,325.5,16.098,61.9983,85.0642,1501.0,1563.0,66.1,120.7,126.0,351.62,424.75,6.163,0.549419
1989-01-01,5.4,56.215,57.152,8007.589,335.1,15.017,62.1789,85.208,1466.0,1621.0,66.5,121.2,126.5,353.07,411.6,6.07,-0.524609
1989-02-01,5.2,56.402,57.297,8030.962,353.2,14.668,61.9074,84.7168,1383.0,1425.0,66.3,121.6,126.9,353.43,392.8,5.821,0.344011
1989-03-01,5.0,56.612,57.468,8072.817,375.3,14.362,62.0592,84.7889,1214.0,1422.0,66.3,122.2,127.4,354.08,384.05,5.838,0.231013
1989-04-01,5.2,56.989,57.661,8041.025,335.2,15.698,62.0424,84.6158,1376.0,1339.0,66.4,123.1,127.8,355.72,385.45,5.791,0.089418
1989-05-01,5.2,57.197,57.833,8006.298,321.3,14.942,61.6948,83.9786,1381.0,1331.0,66.3,123.7,128.3,355.95,377.45,5.65,-0.021707
1989-06-01,5.3,57.322,57.987,8028.717,325.8,14.065,61.6915,83.7983,1322.0,1397.0,66.5,124.1,128.8,355.44,361.4,5.159,0.03516
1989-07-01,5.2,57.459,58.136,8055.26,329.7,14.389,61.0978,82.8088,1283.0,1427.0,66.5,124.5,129.2,354.05,374.5,5.193,0.231483
1989-08-01,5.2,57.466,58.217,8072.841,305.5,16.234,61.6949,83.4265,1334.0,1332.0,66.5,124.5,129.5,351.84,369.0,5.248,0.123512
1989-09-01,5.3,57.594,58.419,8095.196,324.8,15.361,61.4839,82.9458,1314.0,1279.0,66.4,124.8,129.9,350.09,359.4,5.05,0.253885
1989-10-01,5.3,57.819,58.631,8134.089,347.5,13.27,61.4105,82.6489,1365.0,1410.0,66.5,125.4,130.6,350.33,366.5,5.228,0.335127
1989-11-01,5.4,57.945,58.787,8142.33,350.3,13.068,61.6172,82.7278,1344.0,1351.0,66.6,125.9,131.1,351.55,373.05,5.168,-0.332981
1989-12-01,5.4,58.113,58.954,8149.087,321.3,13.273,61.9635,82.9946,1422.0,1251.0,66.5,126.3,131.6,352.91,413.85,5.71,0.275347
1990-01-01,5.4,58.553,59.181,8170.022,331.5,16.01,61.644,82.3733,1748.0,1551.0,66.8,127.5,132.1,353.86,399.0,5.21,0.246194
1990-02-01,5.3,58.811,59.468,8195.397,361.5,14.066,62.2108,82.9404,1329.0,1437.0,66.7,128.0,132.7,355.1,415.8,5.213,0.114627
1990-03-01,5.2,59.033,59.754,8203.337,352.3,14.203,62.5068,83.1505,1246.0,1289.0,66.7,128.6,133.5,355.75,406.3,5.14,1.490924
1990-04-01,5.4,59.157,59.932,8255.647,374.1,14.009,62.3597,82.7796,1136.0,1248.0,66.6,128.9,134.0,356.38,368.4,4.938,0.83704
1990-05-01,5.4,59.29,60.115,8246.75,373.1,13.743,62.5474,82.8617,1067.0,1212.0,66.6,129.1,134.4,357.38,369.5,4.953,0.55565
1990-06-01,5.2,59.552,60.349,8260.44,369.7,13.867,62.7541,82.9777,1108.0,1177.0,66.4,129.9,135.1,356.39,363.45,5.074,0.467387
1990-07-01,5.5,59.699,60.501,8288.531,377.0,13.789,62.6497,82.6936,1078.0,1171.0,66.5,130.5,135.8,354.89,357.4,4.908,0.134115
1990-08-01,5.7,60.096,60.753,8236.691,351.7,13.582,62.8761,82.8569,1069.0,1115.0,66.5,131.6,136.6,353.06,370.65,4.813,0.359152
1990-09-01,5.9,60.465,60.965,8233.907,354.6,14.025,62.896,82.7583,976.0,1110.0,66.4,132.5,137.1,351.38,386.75,4.85,0.442292
1990-10-01,5.9,60.811,61.172,8167.115,343.5,13.483,62.506,82.1312,925.0,1014.0,66.4,133.4,137.6,351.69,396.3,4.786,0.443635
1990-11-01,6.2,60.888,61.246,8168.212,349.2,12.877,61.7271,81.0047,941.0,1145.0,66.4,133.7,138.0,353.14,380.4,4.181,0.206357
1990-12-01,6.3,60.945,61.331,8210.825,389.5,12.702,61.2939,80.3427,861.0,969.0,66.4,134.2,138.6,354.41,380.65,4.129,0.0595
1991-01-01,6.4,61.177,61.637,8157.383,412.9,11.596,61.0931,79.9936,786.0,798.0,66.2,134.7,139.5,354.93,390.8,4.164,0.382036
1991-02-01,6.6,61.208,61.807,8164.096,395.8,12.175,60.6522,79.3375,853.0,965.0,66.2,134.8,140.2,355.82,364.5,3.879,0.341738
1991-03-01,6.8,61.221,61.936,8176.58,357.5,12.616,60.3069,78.8116,911.0,921.0,66.3,134.8,140.5,357.33,366.9,3.755,-0.023214
1991-04-01,6.7,61.332,62.06,8208.244,388.4,11.825,60.4658,78.9476,916.0,1001.0,66.4,135.1,140.9,358.77,357.5,3.935,0.449566
1991-05-01,6.9,61.586,62.307,8209.444,381.1,12.27,61.0671,79.6602,991.0,996.0,66.2,135.6,141.3,359.23,356.5,3.973,0.280783
1991-06-01,6.9,61.69,62.442,8252.295,404.0,12.505,61.5611,80.229,964.0,1036.0,66.2,136.0,141.8,358.23,363.0,4.156,0.407234
1991-07-01,6.8,61.787,62.632,8233.054,376.0,12.742,61.723,80.3605,973.0,1063.0,66.1,136.2,142.3,356.3,368.9,4.453,0.408368
1991-08-01,6.9,61.931,62.804,8248.575,393.3,12.352,61.736,80.2919,944.0,1049.0,66.0,136.6,142.9,353.97,363.4,4.054,0.330048
1991-09-01,6.9,62.144,63.055,8273.586,405.4,12.89,62.2464,80.8617,974.0,1015.0,66.2,137.0,143.4,352.34,347.95,3.831,0.492745
1991-10-01,7.0,62.26,63.194,8284.054,427.9,12.015,62.1825,80.6759,991.0,1079.0,66.1,137.2,143.7,352.43,353.95,4.147,0.424189
1991-11-01,7.0,62.397,63.312,8296.928,416.9,12.364,62.0983,80.4548,984.0,1103.0,66.1,137.8,144.2,353.89,357.75,4.102,0.21999
1991-12-01,7.3,62.553,63.468,8365.723,452.2,12.42,61.8108,79.962,1061.0,1079.0,66.0,138.2,144.7,355.21,368.35,4.093,-0.076521
1992-01-01,7.3,62.638,63.641,8405.155,442.5,12.367,61.4898,79.3991,1077.0,1176.0,66.3,138.3,145.1,356.34,350.9,3.868,0.60819
1992-02-01,7.4,62.797,63.814,8444.994,459.6,12.698,61.9299,79.8149,1146.0,1250.0,66.2,138.6,145.4,357.21,356.4,4.178,0.291962
1992-03-01,7.4,62.949,63.973,8457.388,457.7,12.592,62.449,80.3214,1082.0,1297.0,66.4,139.1,145.9,357.97,350.45,4.095,0.295343
1992-04-01,7.4,63.119,64.183,8487.783,468.2,12.31,62.9312,80.7713,1054.0,1099.0,66.5,139.4,146.3,359.22,344.0,4.152,-0.301412
1992-05-01,7.6,63.203,64.273,8531.932,470.2,12.86,63.1359,80.8582,1056.0,1214.0,66.6,139.7,146.8,359.71,337.5,4.014,-0.137404
1992-06-01,7.8,63.315,64.323,8566.719,480.4,13.317,63.1736,80.7276,1057.0,1145.0,66.7,140.1,147.1,359.44,336.85,4.028,-0.338855
1992-07-01,7.7,63.524,64.566,8559.118,458.6,12.6,63.7408,81.2728,1089.0,1139.0,66.7,140.5,147.6,357.15,343.55,4.049,-0.391178
1992-08-01,7.6,63.609,64.625,8591.676,466.4,12.62,63.3917,80.6532,1075.0,1226.0,66.6,140.8,147.9,354.99,354.05,3.942,-0.338707
1992-09-01,7.6,63.713,64.73,8558.368,417.5,13.114,63.5927,80.7402,1114.0,1186.0,66.5,141.1,148.1,353.01,341.7,3.752,-0.514468
1992-10-01,7.3,63.938,64.979,8515.933,379.1,13.368,64.0282,81.1307,1132.0,1244.0,66.2,141.7,148.8,353.41,348.55,3.753,-0.497548
1992-11-01,7.4,64.064,65.121,8534.33,380.3,12.958,64.2732,81.2864,1118.0,1214.0,66.3,142.1,149.2,354.42,339.5,3.757,-0.271439
1992-12-01,7.4,64.176,65.242,8845.712,525.4,13.514,64.3668,81.2604,1176.0,1227.0,66.3,142.3,149.6,355.68,334.65,3.76,0.050529
1993-01-01,7.3,64.332,65.432,8602.353,420.5,13.193,64.6256,81.447,1177.0,1210.0,66.2,142.8,150.1,357.1,328.25,3.66,0.169552
1993-02-01,7.1,64.429,65.557,8642.143,436.5,12.698,64.929,81.698,1148.0,1210.0,66.2,143.1,150.6,357.42,329.75,3.66,0.491092
1993-03-01,7.0,64.561,65.7,8619.726,434.1,13.041,64.872,81.502,1056.0,1083.0,66.2,143.3,150.8,358.59,328.5,3.583,0.194146
1993-04-01,7.1,64.733,65.891,8684.645,431.5,14.235,65.0611,81.6217,1104.0,1258.0,66.1,143.8,151.4,359.39,336.35,3.858,0.072856
1993-05-01,7.1,64.933,66.114,8682.682,410.8,14.212,64.8104,81.1916,1112.0,1260.0,66.4,144.2,151.8,360.3,356.15,4.274,0.09095
1993-06-01,7.0,64.955,66.177,8671.95,385.8,14.188,64.9553,81.2566,1130.0,1280.0,66.5,144.3,152.1,359.64,377.35,4.615,0.124389
1993-07-01,6.9,65.059,66.314,8699.937,377.6,14.143,65.1198,81.3428,1174.0,1254.0,66.4,144.5,152.3,357.45,379.0,4.548,0.100394
1993-08-01,6.8,65.17,66.438,8718.737,381.3,13.276,65.0494,81.1291,1230.0,1300.0,66.4,144.8,152.8,355.76,405.6,5.42,-0.051738
1993-09-01,6.7,65.238,66.538,8699.123,342.3,13.676,65.3882,81.4164,1251.0,1343.0,66.2,145.0,152.9,354.14,369.05,4.833,-0.156353
1993-10-01,6.8,65.443,66.647,8662.656,310.7,14.603,65.8702,81.8692,1287.0,1392.0,66.3,145.6,153.4,354.23,354.0,4.058,0.167825
1993-11-01,6.6,65.567,66.819,8684.88,312.4,14.539,66.1779,82.0917,1357.0,1376.0,66.3,146.0,153.9,355.53,363.25,4.285,-0.546963
1993-12-01,6.5,65.582,66.849,8986.914,467.4,14.679,66.5602,82.3931,1461.0,1533.0,66.4,146.3,154.3,357.03,373.1,4.429,-0.020237
1994-01-01,6.6,65.604,66.902,8808.902,356.8,15.035,66.7722,82.4707,1390.0,1272.0,66.6,146.3,154.5,358.36,394.1,5.277,-0.10296
1994-02-01,6.6,65.756,67.047,8817.405,330.1,15.194,66.8068,82.3162,1269.0,1337.0,66.6,146.7,154.8,359.04,381.65,5.12,-0.838605
1994-03-01,6.5,65.937,67.275,8840.918,346.8,14.974,67.4832,82.9362,1342.0,1564.0,66.5,147.1,155.3,360.11,381.3,5.328,0.143426
1994-04-01,6.4,66.015,67.376,8923.036,325.7,15.68,67.8771,83.194,1392.0,1465.0,66.5,147.2,155.5,361.36,384.75,5.645,0.264849
1994-05-01,6.1,66.111,67.526,8941.155,393.0,14.249,68.1961,83.3452,1396.0,1526.0,66.6,147.5,155.9,361.78,375.1,5.288,0.26582
1994-06-01,6.1,66.272,67.676,8929.074,356.5,14.763,68.6526,83.6506,1357.0,1409.0,66.4,147.9,156.4,360.94,386.3,5.543,0.368642
1994-07-01,6.1,66.481,67.818,8944.497,362.8,14.522,68.7353,83.4915,1335.0,1439.0,66.4,148.4,156.7,359.51,384.6,5.355,0.160183
1994-08-01,6.0,66.634,67.894,8957.46,337.6,14.989,69.1954,83.7838,1377.0,1450.0,66.6,149.0,157.1,357.59,383.85,5.33,0.214518
1994-09-01,5.9,66.708,67.997,8996.696,352.8,14.911,69.4017,83.7623,1412.0,1474.0,66.6,149.3,157.5,355.86,386.0,5.402,0.241695
1994-10-01,5.8,66.821,68.157,9076.95,373.7,15.517,69.969,84.1694,1397.0,1450.0,66.7,149.4,157.8,356.21,393.15,5.525,0.633769
1994-11-01,5.6,66.948,68.282,9074.779,369.9,15.5,70.4367,84.4489,1340.0,1511.0,66.7,149.8,158.2,357.65,384.5,5.223,0.402931
1994-12-01,5.5,66.991,68.305,9117.741,380.5,15.196,71.1413,85.0057,1396.0,1455.0,66.7,150.1,158.3,359.1,380.1,4.918,0.006432
1995-01-01,5.6,67.127,68.475,9159.706,398.7,14.363,71.2762,84.8791,1282.0,1407.0,66.8,150.5,159.0,360.04,380.9,4.842,0.956295
1995-02-01,5.4,67.246,68.587,9180.168,417.3,14.457,71.1904,84.4876,1254.0,1316.0,66.8,150.9,159.4,361.0,376.25,4.678,1.66037
1995-03-01,5.4,67.37,68.755,9203.415,404.7,14.865,71.2891,84.3121,1226.0,1249.0,66.7,151.2,159.9,361.98,375.7,4.473,0.446397
1995-04-01,5.8,67.547,68.915,9214.181,368.8,13.98,71.1623,83.869,1259.0,1267.0,66.9,151.8,160.4,363.44,392.3,5.302,0.899381
1995-05-01,5.6,67.651,69.032,9221.249,386.4,14.418,71.5044,83.9723,1271.0,1314.0,66.5,152.1,160.7,363.83,387.2,5.698,0.318606
1995-06-01,5.6,67.717,69.092,9255.248,361.8,15.019,71.743,83.9443,1305.0,1281.0,66.5,152.4,161.1,363.33,383.5,5.263,0.574349
1995-07-01,5.7,67.802,69.201,9286.334,385.7,14.326,71.4459,83.2835,1354.0,1461.0,66.6,152.6,161.4,361.78,384.5,5.084,0.242767
1995-08-01,5.7,67.948,69.367,9299.788,364.8,15.006,72.38,84.0464,1386.0,1416.0,66.6,152.9,161.8,359.33,382.85,5.03,0.63632
1995-09-01,5.6,67.995,69.458,9335.583,369.6,14.959,72.6601,84.0356,1421.0,1369.0,66.6,153.1,162.2,358.32,381.5,5.345,0.602265
1995-10-01,5.5,68.171,69.627,9349.228,391.0,14.47,72.5428,83.5543,1400.0,1369.0,66.6,153.5,162.7,358.14,383.25,5.425,0.808777
1995-11-01,5.6,68.169,69.672,9379.567,362.4,15.012,72.7178,83.4004,1430.0,1452.0,66.5,153.7,163.0,359.61,381.95,5.333,0.818952
1995-12-01,5.6,68.3,69.77,9396.526,337.1,15.862,72.9672,83.3221,1442.0,1431.0,66.4,153.9,163.1,360.82,386.2,5.218,0.039938
1996-01-01,5.6,68.452,69.849,9428.309,370.1,14.449,72.5866,82.5181,1387.0,1467.0,66.4,154.7,163.7,362.2,389.15,5.165,-0.019211
1996-02-01,5.5,68.56,69.94,9506.777,374.6,15.215,73.6389,83.3398,1420.0,1491.0,66.6,155.0,164.0,363.36,409.1,5.595,0.478101
1996-03-01,5.5,68.767,70.102,9539.993,369.0,15.679,73.5202,82.8259,1437.0,1424.0,66.6,155.5,164.4,364.28,398.35,5.525,0.063373
1996-04-01,5.6,68.973,70.197,9565.104,313.8,15.112,74.2664,83.2807,1463.0,1516.0,66.7,156.1,164.6,364.69,394.2,5.518,-0.198851
1996-05-01,5.6,69.092,70.319,9606.394,379.4,15.624,74.8145,83.5058,1457.0,1504.0,66.7,156.4,165.0,365.25,392.3,5.325,0.296871
1996-06-01,5.3,69.091,70.373,9670.238,406.5,14.864,75.3779,83.7438,1429.0,1467.0,66.7,156.7,165.4,365.06,390.7,5.384,-0.005074
1996-07-01,5.5,69.237,70.505,9650.331,378.3,14.7,75.3754,83.3555,1450.0,1472.0,66.9,157.0,165.7,363.69,381.55,5.048,0.25679
1996-08-01,5.1,69.303,70.566,9681.266,373.4,15.128,75.7568,83.3919,1413.0,1557.0,66.7,157.2,166.0,361.55,386.25,5.15,-0.103414
1996-09-01,5.2,69.499,70.78,9708.672,380.2,15.184,76.2304,83.5254,1392.0,1475.0,66.9,157.7,166.5,359.69,386.55,5.183,-0.284677
1996-10-01,5.2,69.709,70.948,9710.076,363.4,14.972,76.2193,83.1236,1358.0,1392.0,67.0,158.2,166.8,359.72,378.65,4.848,-0.287072
1996-11-01,5.4,69.833,71.041,9741.024,365.9,15.392,76.8941,83.4621,1412.0,1489.0,67.0,158.7,167.2,361.04,377.6,4.801,0.619926
1996-12-01,5.4,69.914,71.068,9778.588,364.4,14.849,77.3731,83.5793,1411.0,1370.0,67.0,159.1,167.4,362.39,370.75,4.733,0.135602
1997-01-01,5.3,70.005,71.144,9834.79,354.5,15.332,77.5138,83.3331,1382.0,1355.0,67.0,159.4,167.8,363.24,366.55,4.77,-0.125188
1997-02-01,5.2,70.151,71.29,9865.668,359.4,14.916,78.4246,83.9,1445.0,1486.0,66.9,159.7,168.1,364.21,344.3,4.879,0.195249
1997-03-01,5.2,70.225,71.46,9912.112,372.0,15.444,78.9266,84.0169,1436.0,1457.0,67.1,159.8,168.4,364.65,362.15,5.308,0.623329
1997-04-01,5.1,70.294,71.6,9919.423,373.6,14.694,78.9924,83.6618,1421.0,1492.0,67.1,159.9,168.9,366.48,350.0,5.035,0.384261
1997-05-01,4.9,70.262,71.652,9964.583,394.3,14.717,79.4411,83.6984,1414.0,1442.0,67.1,159.9,169.2,366.77,339.25,4.675,0.163698
1997-06-01,5.0,70.352,71.758,10000.824,385.8,14.18,79.8048,83.6264,1402.0,1494.0,67.1,160.2,169.4,365.73,343.9,4.733,0.305403
1997-07-01,4.9,70.394,71.807,10045.882,356.1,15.194,80.48,83.8625,1440.0,1437.0,67.2,160.4,169.7,364.46,333.7,4.645,0.229067
1997-08-01,4.8,70.45,71.778,10105.556,353.5,15.765,81.2862,84.2102,1449.0,1390.0,67.2,160.8,169.8,362.4,324.1,4.474,0.286713
1997-09-01,4.9,70.62,71.927,10136.11,368.8,14.711,82.038,84.4781,1494.0,1546.0,67.1,161.2,170.2,360.44,324.5,4.66,0.435788
1997-10-01,4.7,70.712,72.036,10189.34,369.6,15.036,82.7657,84.6988,1499.0,1520.0,67.1,161.5,170.6,360.98,337.15,5.185,0.780843
1997-11-01,4.6,70.716,72.058,10262.137,385.6,15.421,83.4321,84.838,1469.0,1510.0,67.2,161.7,170.8,362.65,313.8,4.783,0.488395
1997-12-01,4.7,70.701,72.1,10325.103,387.9,16.059,83.7826,84.6461,1456.0,1566.0,67.2,161.8,171.2,364.51,294.35,5.235,0.071567
1998-01-01,4.6,70.736,72.21,10417.404,446.5,14.4,84.1656,84.4813,1555.0,1525.0,67.1,162.0,171.6,365.39,288.0,5.94,0.201318
1998-02-01,4.6,70.699,72.272,10490.223,448.9,14.839,84.3048,84.0729,1647.0,1584.0,67.1,162.0,171.9,366.1,301.5,6.25,0.806829
1998-03-01,4.7,70.71,72.349,10555.838,459.6,15.001,84.3416,83.5673,1605.0,1567.0,67.1,162.0,172.2,367.36,298.35,6.605,0.435827
1998-04-01,4.3,70.798,72.482,10595.962,446.5,15.521,84.6263,83.3178,1547.0,1540.0,67.0,162.2,172.5,368.79,301.0,6.465,0.967466
1998-05-01,4.4,70.895,72.552,10645.347,431.5,16.649,85.1839,83.3489,1554.0,1536.0,67.0,162.6,172.9,369.56,306.9,6.17,0.518467
1998-06-01,4.5,70.835,72.461,10707.166,428.5,16.378,84.6809,82.3651,1551.0,1641.0,67.0,162.8,173.2,369.13,288.75,5.143,0.717415
1998-07-01,4.5,71.01,72.665,10726.5,435.2,14.255,84.3448,81.5837,1610.0,1698.0,67.0,163.2,173.5,367.98,296.8,5.525,0.936615
1998-08-01,4.5,71.108,72.807,10767.064,430.1,14.358,86.0846,82.8278,1654.0,1614.0,67.0,163.4,174.0,366.1,286.15,5.408,0.929368
1998-09-01,4.6,71.067,72.795,10803.967,404.6,15.862,85.9945,82.3242,1577.0,1582.0,67.2,163.5,174.2,364.16,279.0,4.73,0.806356
1998-10-01,4.5,71.223,72.937,10823.508,392.4,16.679,86.5967,82.4996,1719.0,1715.0,67.2,163.9,174.4,364.54,297.6,5.36,0.506838
1998-11-01,4.4,71.226,72.95,10874.887,403.3,15.631,86.5114,82.0316,1672.0,1660.0,67.1,164.1,174.8,365.67,292.7,5.035,0.432554
1998-12-01,4.4,71.298,73.076,10900.473,367.8,16.943,86.8608,81.9904,1742.0,1792.0,67.2,164.4,175.4,367.3,293.3,4.875,0.986482
1999-01-01,4.3,71.398,73.18,10942.984,413.8,16.094,87.2277,81.9774,1732.0,1748.0,67.2,164.7,175.6,368.35,287.15,4.995,0.498888
1999-02-01,4.4,71.358,73.155,10988.184,406.5,16.566,87.7266,82.0973,1720.0,1670.0,67.2,164.7,175.6,369.28,286.9,5.275,1.255653
1999-03-01,4.2,71.412,73.177,11000.779,381.4,16.332,87.9203,81.9427,1665.0,1710.0,67.0,164.8,175.7,369.84,286.7,5.62,-0.203265
1999-04-01,4.3,71.757,73.365,10969.064,319.0,16.422,88.1153,81.8019,1600.0,1553.0,67.1,165.9,176.3,371.15,280.55,5.01,0.536622
1999-05-01,4.2,71.804,73.435,10994.059,300.1,17.059,88.6554,81.9895,1640.0,1611.0,67.1,166.0,176.5,371.12,285.3,5.325,0.244994
1999-06-01,4.3,71.826,73.474,11033.786,295.0,16.839,88.5958,81.6291,1702.0,1559.0,67.1,166.0,176.6,370.46,266.85,4.88,0.27529
1999-07-01,4.3,72.017,73.606,11061.061,299.1,17.171,89.1235,81.8177,1682.0,1669.0,67.1,166.7,177.1,369.61,262.6,5.31,0.482954
1999-08-01,4.2,72.148,73.642,11111.719,294.8,17.121,89.5116,81.8764,1671.0,1648.0,67.0,167.1,177.3,367.06,255.35,5.36,0.331749
1999-09-01,4.2,72.407,73.837,11105.537,254.4,17.116,89.1361,81.2413,1551.0,1635.0,67.0,167.8,177.8,364.95,254.7,5.195,0.497352
1999-10-01,4.1,72.529,73.963,11171.257,275.5,17.139,90.2842,81.9959,1649.0,1608.0,67.0,168.1,178.1,365.52,307.5,5.673,0.499964
1999-11-01,4.1,72.594,74.034,11247.83,287.3,17.072,90.7631,82.1417,1672.0,1648.0,67.1,168.4,178.4,366.88,291.35,5.195,0.77822
1999-12-01,4.0,72.763,74.128,11339.82,262.9,17.793,91.4926,82.5152,1683.0,1708.0,67.1,168.8,178.7,368.26,289.15,5.19,1.046415
2000-01-01,4.0,72.961,74.306,11441.669,324.2,18.114,91.4251,82.1714,1727.0,1636.0,67.3,169.3,179.3,369.45,281.5,5.303,0.441877
2000-02-01,4.1,73.191,74.415,11488.814,289.4,18.879,91.7357,82.1694,1692.0,1737.0,67.3,170.0,179.4,369.71,283.0,5.243,1.050863
2000-03-01,4.0,73.505,74.568,11520.777,276.5,17.822,92.0933,82.2095,1651.0,1604.0,67.3,171.0,180.0,370.75,292.9,5.125,0.910935
2000-04-01,3.8,73.444,74.617,11582.719,311.7,17.442,92.6838,82.4575,1597.0,1626.0,67.3,170.9,180.3,371.98,277.5,5.04,1.239997
2000-05-01,4.0,73.505,74.697,11624.34,314.7,17.467,92.9376,82.4056,1543.0,1575.0,67.1,171.2,180.7,371.75,275.45,5.005,0.49714
2000-06-01,4.0,73.754,74.754,11657.461,318.9,17.078,93.0076,82.192,1572.0,1559.0,67.1,172.2,181.1,371.87,272.5,4.895,0.33838
2000-07-01,4.0,73.939,74.925,11719.57,347.9,16.851,92.8458,81.7778,1542.0,1463.0,66.9,172.7,181.5,370.02,287.65,4.995,0.447812
2000-08-01,4.1,73.934,75.021,11783.694,354.7,17.09,92.5972,81.2898,1552.0,1541.0,66.9,172.7,181.9,368.27,277.6,4.978,0.504724
2000-09-01,3.9,74.252,75.203,11794.536,306.4,18.245,92.9653,81.3435,1570.0,1507.0,66.9,173.6,182.3,367.15,277.0,4.94,0.28653
2000-10-01,3.9,74.353,75.308,11824.829,327.0,17.117,92.6418,80.7922,1577.0,1549.0,66.8,173.9,182.6,367.18,273.1,4.883,0.198013
2000-11-01,3.9,74.457,75.441,11832.213,323.2,16.259,92.6618,80.541,1614.0,1551.0,66.9,174.2,183.1,368.53,265.5,4.75,-0.056294
2000-12-01,3.9,74.571,75.515,11859.86,307.2,15.831,92.3459,80.0006,1543.0,1532.0,67.0,174.6,183.3,369.83,269.2,4.685,-0.133896
2001-01-01,4.2,74.932,75.796,11932.006,344.7,17.251,91.8903,79.3437,1699.0,1600.0,67.2,175.6,183.9,370.76,271.1,4.59,0.413259
2001-02-01,4.2,75.048,75.93,11960.086,350.7,17.433,91.2915,78.571,1656.0,1625.0,67.1,176.0,184.4,371.69,267.65,4.798,0.128012
2001-03-01,4.3,75.055,76.009,12003.752,380.1,16.868,91.0526,78.1158,1659.0,1590.0,67.2,176.1,184.7,372.63,266.35,4.51,0.565065
2001-04-01,4.4,75.187,76.13,11981.996,369.3,16.531,90.7293,77.5972,1666.0,1649.0,66.9,176.4,185.1,373.55,255.95,4.295,0.474851
2001-05-01,4.3,75.385,76.148,11953.393,327.9,16.503,90.2577,76.9635,1665.0,1605.0,66.7,177.3,185.3,374.03,264.0,4.338,0.687652
2001-06-01,4.5,75.518,76.318,11940.34,327.7,17.104,89.7677,76.3285,1626.0,1636.0,66.7,177.7,186.0,373.4,265.4,4.395,0.368508
2001-07-01,4.6,75.493,76.515,11940.991,426.4,16.123,89.226,75.666,1598.0,1670.0,66.8,177.4,186.4,371.68,268.35,4.305,0.668817
2001-08-01,4.9,75.484,76.553,11924.877,517.4,16.016,89.1326,75.3958,1615.0,1567.0,66.5,177.4,186.7,369.78,267.35,4.24,0.777147
2001-09-01,5.0,75.227,76.118,11930.997,539.5,16.056,88.6679,74.8236,1565.0,1562.0,66.8,178.1,187.1,368.34,273.35,4.195,0.665948
2001-10-01,5.3,75.492,76.654,11904.934,225.2,21.709,88.3926,74.4246,1566.0,1540.0,66.7,177.6,187.4,368.61,290.6,4.58,0.557389
2001-11-01,5.5,75.441,76.81,11910.073,262.3,17.725,87.8774,73.8377,1651.0,1602.0,66.7,177.5,188.1,369.94,280.6,4.235,1.432548
2001-12-01,5.7,75.363,76.828,11929.854,286.6,16.147,87.8344,73.6627,1680.0,1568.0,66.7,177.4,188.4,371.42,276.35,4.18,0.952067
2002-01-01,5.7,75.431,76.871,11952.127,441.6,16.22,88.4665,74.0676,1665.0,1698.0,66.5,177.7,188.7,372.7,278.35,4.59,1.127583
2002-02-01,5.7,75.558,77.018,11953.58,429.0,17.005,88.4661,73.9589,1787.0,1829.0,66.8,178.0,189.1,373.37,283.9,4.248,1.118929
2002-03-01,5.7,75.763,77.11,11946.054,440.3,16.788,89.1228,74.4162,1691.0,1642.0,66.6,178.5,189.2,374.3,295.4,4.495,1.21031
2002-04-01,5.9,76.08,77.325,11960.946,431.9,17.343,89.5532,74.7011,1669.0,1592.0,66.7,179.3,189.7,375.19,304.0,4.665,0.117833
2002-05-01,5.8,76.13,77.411,11993.987,495.0,15.844,89.934,74.9611,1716.0,1764.0,66.7,179.5,190.0,375.93,308.35,4.54,0.3784
2002-06-01,5.8,76.225,77.534,12023.36,497.4,16.626,90.6769,75.5385,1758.0,1717.0,66.6,179.6,190.2,375.69,322.0,5.05,0.617995
2002-07-01,5.8,76.393,77.692,11987.388,431.2,17.829,90.6455,75.4869,1738.0,1655.0,66.5,180.0,190.5,374.16,312.1,4.8,0.839357
2002-08-01,5.7,76.543,77.845,11987.158,424.4,18.105,90.5475,75.3938,1695.0,1633.0,66.6,180.5,191.1,372.03,302.25,4.54,0.660085
2002-09-01,5.7,76.681,77.972,11994.021,469.0,16.326,90.6381,75.4687,1803.0,1804.0,66.7,180.8,191.3,370.92,312.0,4.47,0.735951
2002-10-01,5.7,76.821,78.038,12014.38,459.5,15.923,90.4041,75.2824,1799.0,1648.0,66.6,181.2,191.5,370.73,321.75,4.523,0.600189
2002-11-01,5.9,76.897,78.114,12040.567,462.2,16.195,90.8985,75.7125,1771.0,1753.0,66.4,181.5,191.9,372.43,319.85,4.545,0.993427
2002-12-01,6.0,76.971,78.187,12067.267,437.7,17.593,90.389,75.3132,1896.0,1788.0,66.3,181.8,192.1,373.98,316.45,4.43,0.232255
2003-01-01,5.8,77.201,78.24,12033.66,435.8,16.426,91.1355,75.9649,1808.0,1853.0,66.4,182.6,192.4,375.07,343.8,4.74,1.048932
2003-02-01,5.9,77.526,78.348,11991.075,433.3,15.814,91.2502,76.0853,1854.0,1629.0,66.4,183.6,192.5,375.82,369.5,4.845,0.264101
2003-03-01,5.9,77.725,78.474,12008.784,408.0,16.173,91.0059,75.9063,1757.0,1726.0,66.3,183.9,192.5,376.64,345.5,4.61,0.355741
2003-04-01,6.0,77.593,78.561,12058.25,413.0,16.433,90.4281,75.4518,1803.0,1643.0,66.4,183.2,192.5,377.92,334.35,4.438,0.623268
2003-05-01,6.1,77.504,78.674,12147.017,448.2,16.152,90.4073,75.4618,1835.0,1751.0,66.4,182.9,192.9,378.78,341.2,4.66,0.728828
2003-06-01,6.3,77.588,78.718,12186.558,429.3,16.686,90.5218,75.5816,1875.0,1867.0,66.5,183.1,193.0,378.46,364.75,4.5,0.304073
2003-07-01,6.2,77.816,78.915,12197.554,500.5,16.777,90.9896,75.9888,1885.0,1897.0,66.2,183.7,193.4,376.88,350.2,4.555,0.620885
2003-08-01,6.1,78.079,79.004,12216.821,491.9,17.931,90.7858,75.8306,1966.0,1833.0,66.1,184.5,193.6,374.57,352.35,5.12,0.886348
2003-09-01,6.1,78.323,79.114,12234.634,417.4,16.945,91.3829,76.3383,1961.0,1939.0,66.1,185.1,193.7,373.34,376.25,5.155,0.83365
2003-10-01,6.0,78.333,79.26,12281.469,431.4,16.143,91.5005,76.4457,2012.0,1967.0,66.1,184.9,194.0,373.31,383.5,5.125,1.383178
2003-11-01,5.8,78.432,79.368,12352.377,437.4,17.197,92.1265,76.9771,1918.0,2083.0,66.1,185.0,194.0,374.84,383.25,5.06,0.676962
2003-12-01,5.7,78.605,79.467,12356.981,432.7,16.992,92.1722,77.0234,1987.0,2057.0,65.9,185.5,194.2,376.17,400.25,5.36,1.238415
2004-01-01,5.7,78.909,79.671,12332.995,404.1,16.304,92.327,77.1612,1952.0,1911.0,66.1,186.3,194.6,377.17,415.25,5.985,0.492164
2004-02-01,5.6,79.077,79.8,12349.224,405.1,16.634,92.8873,77.6396,1966.0,1846.0,66.0,186.7,194.9,378.05,398.35,6.205,0.637689
2004-03-01,5.8,79.199,79.934,12393.884,397.3,16.837,92.5325,77.3544,2066.0,1998.0,66.0,187.1,195.5,379.06,400.0,6.73,0.798547
2004-04-01,5.6,79.346,80.142,12433.863,430.7,16.493,92.9096,77.6821,2070.0,2003.0,65.9,187.4,195.9,380.54,427.25,7.94,0.571888
2004-05-01,5.6,79.604,80.252,12499.431,432.0,17.759,93.5838,78.257,2150.0,1981.0,66.0,188.2,196.2,380.8,391.25,6.1,0.359997
2004-06-01,5.6,79.831,80.379,12511.921,479.7,15.761,92.8621,77.662,2020.0,1828.0,66.1,188.9,196.6,379.87,397.2,6.17,0.185377
2004-07-01,5.5,79.905,80.474,12556.147,426.2,16.87,93.5511,78.2429,2112.0,2002.0,66.1,189.1,196.8,377.65,394.8,5.875,0.328124
2004-08-01,5.4,79.946,80.505,12606.222,420.9,16.717,93.6328,78.3106,2056.0,2024.0,66.0,189.2,196.9,376.17,391.5,6.64,0.343395
2004-09-01,5.4,80.104,80.656,12621.706,369.8,17.432,93.7418,78.3927,2041.0,1905.0,65.8,189.8,197.5,374.43,407.65,6.73,0.553412
2004-10-01,5.5,80.448,80.831,12628.422,352.5,17.056,94.5671,79.0638,2097.0,2072.0,65.9,190.8,197.9,374.63,418.1,6.84,0.736543
2004-11-01,5.4,80.758,81.005,12595.005,306.4,16.912,94.8,79.2285,2079.0,1782.0,66.0,191.7,198.3,376.33,428.85,7.24,1.312302
2004-12-01,5.4,80.801,81.109,13020.595,580.1,17.627,95.5426,79.8082,2082.0,2042.0,65.9,191.7,198.6,377.68,452.85,7.715,0.075086
2005-01-01,5.3,80.907,81.401,12665.162,247.1,16.37,95.8831,80.0413,2139.0,2144.0,65.8,191.6,199.0,378.63,427.75,6.39,1.078843
2005-02-01,5.4,81.132,81.536,12674.095,210.6,16.403,96.5616,80.5413,2114.0,2207.0,65.9,192.4,199.4,379.91,420.9,6.7,0.584407
2005-03-01,5.2,81.375,81.737,12716.359,230.2,16.93,96.4371,80.3601,2062.0,1864.0,65.9,193.1,200.1,380.95,433.45,7.26,0.986074
2005-04-01,5.2,81.603,81.831,12759.492,195.4,17.274,96.628,80.4339,2150.0,2061.0,66.1,193.7,200.2,382.48,427.15,7.105,1.017466
2005-05-01,5.1,81.649,81.999,12815.998,243.6,16.928,96.7306,80.425,2085.0,2025.0,66.1,193.6,200.5,382.64,427.9,6.85,0.773674
2005-06-01,5.0,81.7,82.056,12849.466,181.9,17.967,97.1488,80.6702,2178.0,2068.0,66.1,193.7,200.6,382.4,415.35,7.38,0.720838
2005-07-01,5.0,82.046,82.176,12868.735,128.9,20.607,96.8383,80.305,2203.0,2054.0,66.1,194.9,200.9,380.93,432.6,7.02,0.772115
2005-08-01,4.9,82.377,82.243,12891.416,183.6,16.917,97.1603,80.4617,2219.0,2095.0,66.2,196.1,201.1,378.93,431.65,7.25,0.617583
2005-09-01,5.0,83.172,82.425,12850.144,189.1,16.427,95.2729,78.7883,2263.0,2151.0,66.1,198.8,201.3,376.89,439.6,6.855,1.063478
2005-10-01,5.0,83.305,82.662,12925.11,216.2,14.847,96.4383,79.6396,2170.0,2065.0,66.1,199.1,202.0,377.19,466.1,7.375,1.353783
2005-11-01,5.0,83.131,82.873,13010.071,246.3,16.022,97.4951,80.398,2218.0,2147.0,66.0,198.1,202.5,378.54,459.5,7.535,1.717353
2005-12-01,4.9,83.131,82.959,13055.374,237.2,16.688,97.9788,80.6819,2120.0,1994.0,66.0,198.1,202.8,380.31,499.75,8.315,1.274884
2006-01-01,4.7,83.534,83.145,13214.527,290.9,17.572,98.1305,80.6908,2212.0,2273.0,66.0,199.3,203.2,381.58,530.0,9.04,0.822717
2006-02-01,4.8,83.584,83.279,13283.182,310.5,16.515,98.1779,80.6125,2141.0,2119.0,66.1,199.4,203.6,382.4,568.25,9.77,1.440971
2006-03-01,4.7,83.746,83.509,13340.072,328.2,16.409,98.3898,80.6663,2118.0,1969.0,66.2,199.7,204.3,382.86,564.25,9.8,0.864376
2006-04-01,4.7,84.135,83.764,13347.045,303.9,16.568,98.6769,80.7769,1998.0,1821.0,66.1,200.7,204.8,384.8,587.0,11.585,0.619662
2006-05-01,4.6,84.361,83.974,13336.874,284.4,16.17,98.7052,80.6674,1905.0,1942.0,66.1,201.3,205.4,385.22,661.0,13.92,0.859956
2006-06-01,4.6,84.569,84.186,13353.303,293.1,16.352,99.0427,80.8002,1867.0,1802.0,66.2,201.8,205.9,384.24,625.0,12.05,0.876144
2006-07-01,4.7,84.858,84.268,13342.387,233.7,17.125,98.9804,80.5962,1763.0,1737.0,66.1,202.9,206.3,382.65,622.95,11.28,0.702074
2006-08-01,4.7,85.125,84.44,13329.621,251.9,15.901,99.4106,80.781,1722.0,1650.0,66.2,203.8,206.8,380.6,637.25,11.355,0.708197
2006-09-01,4.5,84.902,84.573,13408.301,240.0,16.419,99.2207,80.4523,1655.0,1720.0,66.1,202.8,207.2,379.04,621.05,12.75,0.942989
2006-10-01,4.4,84.702,84.726,13479.95,237.9,16.322,99.1253,80.1929,1570.0,1491.0,66.2,201.9,207.6,379.33,600.6,11.58,1.155654
2006-11-01,4.5,84.731,84.766,13547.935,272.9,16.128,99.0969,79.9831,1535.0,1570.0,66.3,202.0,207.8,380.35,614.1,12.36,1.063968
2006-12-01,4.4,85.032,84.88,13627.346,264.0,16.569,100.1122,80.6125,1638.0,1649.0,66.4,203.1,208.1,382.02,648.75,13.85,1.436033
2007-01-01,4.6,85.316,85.224,13651.743,242.1,16.402,99.7571,80.1385,1626.0,1409.0,66.4,203.437,208.6,383.1,639.75,13.01,1.938105
2007-02-01,4.5,85.581,85.408,13711.191,283.0,16.704,100.7275,80.7326,1598.0,1480.0,66.3,204.226,209.135,384.12,660.2,13.58,0.875511
2007-03-01,4.4,85.894,85.494,13762.811,313.4,16.015,100.9023,80.6935,1596.0,1495.0,66.2,205.288,209.418,384.81,670.4,14.29,0.931333
2007-04-01,4.5,86.096,85.616,13784.697,309.7,16.215,101.5874,81.073,1470.0,1490.0,65.9,205.904,209.747,386.73,658.25,13.335,1.54688
2007-05-01,4.4,86.346,85.717,13791.861,295.0,16.296,101.6299,80.955,1493.0,1415.0,66.0,206.755,210.058,386.78,673.6,13.45,0.705873
2007-06-01,4.6,86.529,85.859,13786.416,284.1,15.823,101.6482,80.8393,1407.0,1448.0,66.0,207.234,210.392,386.33,666.5,13.53,0.593579
2007-07-01,4.7,86.661,85.988,13795.953,271.0,15.499,101.4925,80.6142,1361.0,1354.0,66.0,207.603,210.773,384.73,654.75,12.47,0.796589
2007-08-01,4.6,86.72,86.116,13795.066,235.3,16.034,101.6874,80.6999,1321.0,1330.0,65.8,207.667,211.119,382.24,665.75,12.77,0.911776
2007-09-01,4.7,87.054,86.351,13813.791,243.2,16.2,101.9398,80.8586,1261.0,1183.0,66.0,208.547,211.554,381.2,672.0,12.1,0.879869
2007-10-01,4.7,87.318,86.576,13796.513,228.0,16.127,101.6345,80.6013,1192.0,1264.0,65.8,209.19,212.077,381.37,742.5,13.775,1.312451
2007-11-01,4.7,87.781,86.746,13787.506,201.8,16.038,102.2068,81.0633,1224.0,1197.0,66.0,210.834,212.66,382.7,790.25,14.36,1.279122
2007-12-01,5.0,87.984,86.92,13846.539,254.4,15.718,102.2604,81.1334,1149.0,1037.0,66.0,211.445,213.168,384.19,784.25,13.86,1.052473
2008-01-01,5.0,88.206,87.093,13862.766,274.1,15.383,102.14,81.0815,1094.0,1084.0,66.2,212.174,213.771,385.78,846.75,14.93,-0.144045
2008-02-01,4.9,88.382,87.178,13877.177,320.1,15.166,101.7671,80.8357,1014.0,1103.0,66.0,212.687,213.939,386.06,914.75,17.19,0.308403
2008-03-01,5.1,88.635,87.349,13893.695,308.0,14.795,101.4355,80.6256,967.0,1005.0,66.1,213.448,214.42,386.28,988.5,20.16,1.479217
2008-04-01,5.0,88.799,87.4,13854.44,254.4,14.268,100.7424,80.1238,1008.0,1013.0,65.9,213.942,214.56,387.34,887.75,16.74,0.585145
2008-05-01,5.4,89.18,87.559,14441.892,771.1,14.364,100.132,79.6718,995.0,973.0,66.1,215.208,214.936,388.78,853.0,16.64,0.676181
2008-06-01,5.6,89.827,87.76,14094.894,511.8,14.065,99.8651,79.4693,1180.0,1046.0,66.1,217.463,215.424,387.99,888.25,16.86,0.566441
2008-07-01,5.8,90.245,87.918,13867.615,395.9,12.715,99.4214,79.095,921.0,923.0,66.1,219.016,215.965,386.61,937.5,17.56,0.600303
2008-08-01,6.1,90.172,88.026,13780.34,334.8,13.834,97.8448,77.7872,858.0,844.0,66.1,218.69,216.393,384.32,912.5,17.59,0.65569
2008-09-01,6.1,90.247,88.116,13789.923,428.3,12.688,93.559,74.3062,797.0,820.0,66.0,218.877,216.713,383.41,822.25,13.58,0.659087
2008-10-01,6.5,89.651,87.991,13883.254,533.1,10.666,94.4956,74.9571,736.0,777.0,66.0,216.995,216.788,383.21,880.0,12.28,1.317621
2008-11-01,6.8,88.593,87.952,13982.019,653.2,10.255,93.2689,73.8807,626.0,652.0,65.9,213.153,216.947,384.41,729.5,10.05,1.586082
2008-12-01,7.3,88.098,87.909,13891.878,633.0,10.141,90.628,71.6823,554.0,560.0,65.8,211.398,216.925,385.79,778.0,9.91,0.754092
2009-01-01,7.8,88.108,87.882,13762.24,646.6,9.573,88.3811,69.7982,545.0,490.0,65.7,211.933,217.346,387.17,874.5,11.08,1.133119
2009-02-01,8.3,88.266,87.952,13603.699,581.6,9.023,87.8412,69.2778,558.0,582.0,65.8,212.705,217.792,387.7,918.25,12.43,0.489574
2009-03-01,8.7,88.169,88.015,13570.847,621.0,9.552,86.4794,68.12,513.0,505.0,65.6,212.495,218.253,389.04,937.25,13.14,0.293964
2009-04-01,9.0,88.295,88.211,13601.477,706.0,9.197,85.7883,67.5007,521.0,478.0,65.7,212.709,218.706,389.76,924.5,12.98,0.567886
2009-05-01,9.4,88.387,88.279,13779.884,859.0,9.996,84.9516,66.7873,556.0,540.0,65.7,213.022,218.904,390.36,884.5,12.15,0.486229
2009-06-01,9.5,88.912,88.392,13544.781,664.5,9.956,84.6928,66.5532,601.0,585.0,65.7,214.79,219.112,389.7,981.75,15.86,0.466162
2009-07-01,9.5,88.922,88.468,13493.206,584.9,11.37,85.7044,67.3455,595.0,594.0,65.5,214.726,219.263,388.24,938.25,13.65,0.556068
2009-08-01,9.6,89.18,88.599,13468.487,475.7,14.568,86.6617,68.1236,616.0,586.0,65.4,215.445,219.496,386.29,959.75,14.29,0.711524
2009-09-01,9.8,89.324,88.755,13502.606,597.0,9.347,87.4033,68.7596,609.0,585.0,65.1,215.861,219.92,384.95,955.0,14.74,1.185317
2009-10-01,10.0,89.663,89.082,13460.827,556.1,10.371,87.6035,68.9939,583.0,534.0,65.0,216.509,220.501,384.64,1004.75,16.55,1.090658
2009-11-01,9.9,89.887,89.16,13494.222,605.7,10.817,87.9559,69.3689,623.0,588.0,65.0,217.234,220.666,386.23,1062.0,16.58,1.14121
2009-12-01,9.9,89.939,89.236,13551.644,601.2,11.06,88.2468,69.7136,664.0,581.0,64.6,217.347,220.881,387.63,1192.5,18.72,0.474335
2010-01-01,9.8,90.136,89.368,13610.249,624.2,10.669,89.1911,70.5918,636.0,614.0,64.8,217.488,220.633,388.91,1121.5,17.17,0.710333
2010-02-01,9.8,90.134,89.446,13610.405,591.8,10.108,89.4972,70.9754,650.0,604.0,64.9,217.281,220.731,390.41,1086.5,16.23,0.796359
2010-03-01,9.9,90.261,89.579,13661.363,589.6,11.553,90.1419,71.6373,687.0,636.0,64.9,217.353,220.783,391.37,1114.0,16.5,1.189614
2010-04-01,9.9,90.31,89.625,13776.728,670.4,11.249,90.4591,72.0473,637.0,687.0,65.2,217.403,220.822,392.67,1123.5,17.69,1.488298
2010-05-01,9.6,90.339,89.724,13885.106,730.5,11.821,91.702,73.1966,575.0,583.0,64.9,217.29,220.962,393.21,1185.0,18.71,1.174504
2010-06-01,9.4,90.301,89.767,13898.726,707.3,11.385,91.8997,73.5082,587.0,536.0,64.6,217.199,221.194,392.38,1227.75,18.3,0.985252
2010-07-01,9.4,90.378,89.769,13928.888,690.4,11.715,92.2522,73.9324,579.0,546.0,64.6,217.605,221.363,390.41,1234.0,18.65,1.06741
2010-08-01,9.5,90.502,89.855,13980.745,703.4,11.802,92.5899,74.331,580.0,599.0,64.7,217.923,221.509,388.54,1188.5,18.11,1.018169
2010-09-01,9.5,90.592,89.906,13989.519,696.4,11.703,92.8564,74.6547,563.0,594.0,64.6,218.275,221.711,387.03,1246.5,19.47,0.894123
2010-10-01,9.4,90.881,90.043,14000.339,673.8,12.199,92.6037,74.5429,558.0,543.0,64.4,219.035,221.83,387.43,1316.25,21.95,1.445757
2010-11-01,9.8,91.062,90.16,14018.501,660.9,12.07,92.6773,74.6746,560.0,545.0,64.6,219.59,222.149,388.87,1354.5,24.91,2.137619
2010-12-01,9.3,91.268,90.179,14104.762,718.5,12.383,93.5851,75.4597,632.0,539.0,64.3,220.472,222.343,389.99,1385.5,28.74,0.613785
2011-01-01,9.1,91.542,90.372,14289.288,768.0,12.547,93.3944,75.34,576.0,630.0,64.2,221.187,222.803,391.5,1388.5,30.67,0.634985
2011-02-01,9.0,91.797,90.53,14331.186,808.8,12.815,92.993,75.0288,542.0,517.0,64.1,221.898,223.213,392.05,1331.5,28.32,0.400854
2011-03-01,9.0,92.166,90.667,14298.318,744.4,12.984,93.982,75.819,583.0,600.0,64.2,223.046,223.454,392.8,1420.75,34.37,1.108249
2011-04-01,9.1,92.557,90.875,14275.294,738.9,13.037,93.6525,75.5255,581.0,554.0,64.2,224.093,223.727,393.44,1418.0,37.63,1.07703
2011-05-01,9.0,92.838,91.091,14260.443,741.0,11.98,93.7775,75.5784,618.0,561.0,64.1,224.806,224.175,394.41,1540.25,43.61,0.745404
2011-06-01,9.1,92.819,91.191,14324.383,767.9,11.581,94.0467,75.7276,636.0,608.0,64.0,224.806,224.697,393.95,1533.75,37.95,0.888366
2011-07-01,9.0,92.977,91.326,14386.123,796.9,12.419,94.4931,76.0009,621.0,623.0,64.0,225.395,225.218,392.72,1483.0,33.85,0.92333
2011-08-01,9.0,93.196,91.508,14378.666,798.9,12.277,95.0969,76.3842,647.0,585.0,64.1,226.106,225.862,390.33,1623.0,39.31,0.908148
2011-09-01,9.0,93.327,91.57,14359.76,761.9,13.026,95.0281,76.2147,610.0,650.0,64.2,226.597,226.118,389.28,1821.0,41.47,1.084298
2011-10-01,8.8,93.329,91.614,14364.71,750.4,13.391,95.6924,76.6224,671.0,610.0,64.1,226.75,226.506,389.19,1655.5,31.05,1.640681
2011-11-01,8.6,93.52,91.808,14349.583,764.7,13.406,95.6913,76.4885,706.0,711.0,64.1,227.169,226.899,390.48,1699.0,32.97,0.913613
2011-12-01,8.5,93.574,91.96,14479.33,873.6,13.455,96.1938,76.7512,697.0,694.0,64.0,227.223,227.405,392.06,1752.0,33.28,1.18415
2012-01-01,8.3,93.894,92.235,14518.055,901.0,14.058,96.779,77.0743,712.0,723.0,63.7,227.842,227.877,393.31,1598.0,28.78,0.623199
2012-02-01,8.3,94.104,92.364,14591.389,892.1,14.617,97.0959,77.1823,738.0,704.0,63.8,228.329,228.034,394.04,1740.0,33.8,0.581455
2012-03-01,8.2,94.284,92.521,14635.02,935.9,14.237,96.5919,76.6382,806.0,695.0,63.8,228.807,228.478,394.59,1714.0,34.56,0.556671
2012-04-01,8.2,94.408,92.661,14689.558,975.7,14.408,97.2942,77.0523,732.0,753.0,63.7,229.187,228.905,396.38,1677.5,32.42,1.442964
2012-05-01,8.2,94.302,92.755,14687.217,972.6,14.135,97.4853,77.0632,796.0,708.0,63.7,228.713,229.224,396.93,1664.0,30.78,1.20775
2012-06-01,8.2,94.254,92.85,14680.673,973.9,14.118,97.4959,76.9351,794.0,757.0,63.8,228.524,229.623,395.91,1606.0,27.38,1.231998
2012-07-01,8.2,94.288,92.946,14586.106,860.9,14.027,97.6922,76.9584,849.0,740.0,63.7,228.59,229.97,394.56,1592.0,27.36,1.145873
2012-08-01,8.1,94.605,93.005,14553.669,823.7,14.092,97.3061,76.5269,840.0,754.0,63.5,229.918,230.233,392.59,1599.0,27.87,0.917652
2012-09-01,7.8,94.893,93.119,14662.932,895.2,14.759,97.2383,76.3502,930.0,847.0,63.6,231.015,230.659,391.32,1691.5,31.74,1.212603
2012-10-01,7.8,95.174,93.345,14761.628,980.7,14.514,97.5425,76.4688,887.0,915.0,63.8,231.638,231.024,391.27,1787.0,34.35,1.290121
2012-11-01,7.7,95.109,93.445,14962.471,1098.7,15.13,97.934,76.6589,917.0,833.0,63.6,231.249,231.33,393.2,1716.25,32.66,1.424869
2012-12-01,7.9,95.094,93.514,15333.647,1408.0,15.121,98.1984,76.7539,941.0,976.0,63.7,231.221,231.725,394.57,1720.0,33.42,0.006586
2013-01-01,8.0,95.275,93.703,14568.746,601.9,15.474,98.2029,76.6511,940.0,888.0,63.7,231.679,232.229,395.78,1693.75,30.87,0.883261
2013-02-01,7.7,95.614,93.805,14539.752,575.6,15.516,98.6733,76.9174,980.0,962.0,63.4,232.937,232.569,397.03,1669.0,31.43,0.650582
2013-03-01,7.5,95.488,93.891,14590.576,592.6,15.412,99.0788,77.1389,936.0,1010.0,63.3,232.282,232.794,397.66,1582.25,28.01,0.656758
2013-04-01,7.6,95.391,93.937,14650.083,627.6,15.451,98.9658,76.9643,1012.0,835.0,63.4,231.797,232.832,398.64,1583.5,27.96,0.507881
2013-05-01,7.5,95.461,94.047,14720.7,657.0,15.537,99.0567,76.9553,1003.0,930.0,63.4,231.893,232.996,400.02,1454.75,23.97,0.829196
2013-06-01,7.5,95.673,94.209,14720.82,667.8,15.774,99.2424,77.0265,942.0,839.0,63.4,232.445,233.35,398.81,1402.5,22.43,0.748914
2013-07-01,7.3,95.792,94.329,14690.118,640.7,15.674,98.9258,76.7152,997.0,880.0,63.3,232.9,233.88,397.51,1242.75,19.44,0.576762
2013-08-01,7.2,95.934,94.431,14715.624,649.0,15.486,99.5059,77.1048,964.0,917.0,63.3,233.456,234.336,395.39,1315.0,19.72,0.68808
2013-09-01,7.2,95.976,94.543,14776.266,666.8,15.506,100.0391,77.461,1004.0,850.0,63.2,233.544,234.7,393.72,1392.25,23.97,0.762782
2013-10-01,7.2,96.103,94.703,14726.182,580.6,15.354,99.9203,77.3148,1044.0,925.0,62.8,233.669,234.921,393.9,1290.75,21.7,0.944414
2013-11-01,6.9,96.246,94.86,14763.876,559.0,15.714,100.1661,77.4524,1029.0,1100.0,63.0,234.1,235.359,395.36,1306.75,21.75,1.540015
2013-12-01,6.7,96.414,94.961,14797.116,569.8,15.463,100.3777,77.564,1005.0,1002.0,62.9,234.719,235.759,397.03,1229.5,19.75,1.001472
2014-01-01,6.6,96.614,95.064,14872.775,661.2,15.249,99.999,77.219,976.0,888.0,62.9,235.288,235.961,398.04,1225.0,19.94,1.068581
2014-02-01,6.7,96.66,95.109,14955.901,670.5,15.617,100.7583,77.7522,1039.0,944.0,62.9,235.547,236.185,398.27,1262.0,19.27,0.380606
2014-03-01,6.7,96.815,95.25,15033.859,671.9,16.606,101.7767,78.4825,1067.0,970.0,63.1,236.028,236.625,399.91,1349.5,21.46,1.527509
2014-04-01,6.2,96.987,95.413,15078.809,701.2,16.28,101.8425,78.4738,1090.0,1043.0,62.8,236.468,237.072,401.51,1283.75,19.8,1.399131
2014-05-01,6.3,97.147,95.574,15120.855,718.7,16.737,102.2594,78.731,1018.0,1007.0,62.9,236.918,237.529,401.96,1278.5,19.06,0.960031
2014-06-01,6.1,97.253,95.682,15177.06,725.5,17.125,102.5986,78.9229,1010.0,911.0,62.8,237.231,237.837,401.43,1247.25,18.81,0.688027
2014-07-01,6.2,97.391,95.848,15218.177,723.0,16.851,102.8163,79.0163,1076.0,1085.0,62.9,237.498,238.195,399.27,1327.5,21.08,0.585659
2014-08-01,6.1,97.379,95.885,15295.125,695.8,16.808,102.6562,78.8163,1047.0,984.0,62.9,237.46,238.405,397.18,1291.25,20.34,0.890398
2014-09-01,5.9,97.413,96.013,15348.309,726.1,16.527,102.9776,78.9895,1077.0,1023.0,62.8,237.477,238.786,395.54,1286.5,19.49,0.783018
2014-10-01,5.7,97.384,96.096,15426.259,707.1,16.326,102.9892,78.9292,1094.0,1074.0,62.9,237.43,239.191,396.16,1216.5,17.04,1.037351
2014-11-01,5.8,97.291,96.181,15514.307,744.4,16.544,103.6402,79.3647,1059.0,1001.0,62.9,236.983,239.458,397.4,1167.75,16.15,0.718455
2014-12-01,5.6,97.12,96.249,15620.73,798.7,16.757,103.6345,79.304,1072.0,1073.0,62.8,236.252,239.584,399.08,1194.0,15.73,1.18748
2015-01-01,5.7,96.654,96.214,15758.015,835.6,16.474,102.8239,78.6338,1049.0,1085.0,62.9,234.747,239.811,400.18,1172.0,15.71,1.356518
2015-02-01,5.5,96.825,96.324,15815.476,858.9,16.461,102.1513,78.0854,1127.0,886.0,62.7,235.342,240.172,400.55,1272.5,17.22,1.324376
2015-03-01,5.4,97.008,96.47,15786.489,790.5,17.459,101.824,77.8104,1072.0,960.0,62.6,235.976,240.755,401.74,1212.5,16.63,1.61069
2015-04-01,5.4,97.094,96.648,15833.624,793.7,17.249,101.244,77.3473,1166.0,1190.0,62.8,236.222,241.346,403.34,1197.0,16.56,1.093768
2015-05-01,5.6,97.327,96.766,15866.779,777.4,17.488,100.783,76.9844,1272.0,1079.0,62.9,237.001,241.688,404.15,1175.95,16.17,0.996651
2015-06-01,5.3,97.516,96.882,15873.338,772.9,17.401,100.4781,76.7496,1379.0,1205.0,62.7,237.657,242.064,402.97,1199.9,16.61,1.070369
2015-07-01,5.2,97.605,96.978,15899.39,757.3,17.827,101.1052,77.2342,1140.0,1146.0,62.6,238.034,242.565,401.46,1168.0,15.63,0.830142
2015-08-01,5.1,97.612,97.056,15930.975,756.5,17.94,100.9442,77.1213,1165.0,1130.0,62.6,238.033,242.817,399.11,1091.9,14.73,0.922985
2015-09-01,5.0,97.477,97.196,15973.484,784.3,17.833,100.6507,76.9102,1144.0,1224.0,62.4,237.498,243.316,397.82,1142.3,14.68,1.256578
2015-10-01,5.0,97.477,97.228,16012.028,796.9,17.818,100.1871,76.5691,1160.0,1058.0,62.5,237.733,243.768,398.49,1119.0,14.55,1.616211
2015-11-01,5.1,97.538,97.332,16009.52,770.5,17.863,99.4382,76.0077,1244.0,1172.0,62.5,238.017,244.241,400.27,1134.0,15.4,1.646491
2015-12-01,5.0,97.456,97.396,16077.429,792.3,17.081,98.939,75.6338,1211.0,1146.0,62.7,237.761,244.547,402.06,1065.4,14.21,1.843663
2016-01-01,4.8,97.496,97.567,16098.568,834.8,17.61,99.4558,76.0323,1171.0,1092.0,62.7,237.652,244.955,402.73,1082.25,14.0,2.169311
2016-02-01,4.9,97.445,97.736,16107.427,768.3,17.64,98.9136,75.6159,1172.0,1225.0,62.8,237.336,245.51,404.25,1126.5,14.33,2.688226
2016-03-01,5.0,97.673,97.876,16106.421,821.3,16.826,98.1907,75.0559,1118.0,1111.0,63.0,238.08,245.913,405.06,1236.5,14.99,2.588956
2016-04-01,5.1,97.993,98.117,16081.685,765.2,17.247,98.4669,75.2543,1160.0,1163.0,62.9,238.992,246.551,407.6,1213.6,15.38,1.930357
2016-05-01,4.8,98.153,98.284,16074.046,732.0,17.288,98.2518,75.0727,1205.0,1148.0,62.7,239.557,247.137,407.9,1294.0,17.49,1.260454
2016-06-01,4.9,98.325,98.386,16090.905,682.3,17.334,98.7275,75.4151,1208.0,1203.0,62.7,240.222,247.54,406.99,1214.5,15.95,1.149783
2016-07-01,4.8,98.342,98.529,16159.383,709.5,17.744,98.836,75.4735,1198.0,1239.0,62.8,240.101,247.829,404.59,1340.0,19.24,1.120248
2016-08-01,4.9,98.479,98.703,16177.334,714.4,17.541,98.7554,75.3862,1201.0,1171.0,62.9,240.545,248.423,402.45,1349.65,20.51,1.211215
2016-09-01,5.0,98.666,98.834,16215.456,716.0,17.574,98.6596,75.2897,1303.0,1068.0,62.9,241.176,248.842,401.23,1309.5,18.65,1.620393
2016-10-01,4.9,98.868,98.961,16243.304,745.1,17.606,98.7322,75.3271,1254.0,1313.0,62.8,241.741,249.142,401.79,1313.3,19.18,1.439206
2016-11-01,4.7,98.901,99.005,16286.542,759.0,17.411,98.3452,75.0219,1230.0,1140.0,62.7,242.026,249.481,403.72,1288.45,18.24,1.797811
2016-12-01,4.7,99.071,99.12,16334.247,706.5,17.906,99.0314,75.5453,1248.0,1252.0,62.7,242.637,249.92,404.64,1161.85,16.3,1.377911
2017-01-01,4.7,99.451,99.385,16383.236,762.6,17.29,98.7987,75.3784,1296.0,1190.0,62.8,243.618,250.467,406.36,1151.0,15.95,1.955602
2017-02-01,4.6,99.586,99.561,16431.536,800.6,17.314,98.4322,75.1225,1237.0,1271.0,62.9,244.006,250.998,406.66,1203.65,17.6,1.954653
2017-03-01,4.4,99.535,99.519,16491.77,803.7,16.656,99.0663,75.6429,1273.0,1190.0,62.9,243.892,250.944,407.54,1240.4,18.33,1.979351
2017-04-01,4.4,99.725,99.723,16521.43,827.3,16.771,100.0082,76.4106,1239.0,1146.0,63.0,244.193,251.227,409.22,1247.25,18.16,1.444426
2017-05-01,4.4,99.682,99.803,16626.085,914.7,16.664,100.1286,76.5629,1205.0,1157.0,62.8,244.004,251.43,409.89,1255.45,16.95,0.866371
2017-06-01,4.3,99.766,99.937,16642.946,874.2,16.703,100.3233,76.7832,1353.0,1249.0,62.8,244.163,251.746,409.08,1264.85,17.13,0.902724
2017-07-01,4.3,99.803,100.01,16698.803,882.1,16.842,100.0947,76.6891,1254.0,1206.0,62.9,244.243,251.985,407.33,1229.25,16.48,0.946433
2017-08-01,4.4,100.027,100.118,16729.216,902.4,16.614,99.6642,76.4472,1336.0,1159.0,62.9,245.183,252.535,405.32,1270.95,16.74,1.040064
2017-09-01,4.3,100.4,100.24,16774.796,864.6,17.893,99.7686,76.6181,1277.0,1181.0,63.1,246.435,252.812,403.57,1320.4,17.5,1.224426
2017-10-01,4.2,100.531,100.486,16841.324,887.7,18.059,100.9981,77.654,1360.0,1257.0,62.7,246.626,253.526,403.82,1273.7,16.58,1.447166
2017-11-01,4.2,100.675,100.535,16883.564,831.9,17.55,101.2597,77.9439,1295.0,1273.0,62.7,247.284,253.816,405.31,1277.05,16.94,1.776889
2017-12-01,4.1,100.821,100.683,16919.258,748.0,17.445,101.4573,78.1791,1312.0,1177.0,62.7,247.805,254.344,407.0,1275.5,16.42,2.090171
2018-01-01,4.0,101.199,101.007,16938.615,854.7,16.745,101.3939,78.206,1311.0,1299.0,62.7,248.859,255.204,408.15,1312.05,17.06,1.303341
2018-02-01,4.1,101.416,101.198,16963.881,885.2,16.974,101.7656,78.5556,1331.0,1277.0,63.0,249.529,255.711,408.52,1341.35,17.19,1.601571
2018-03-01,4.0,101.524,101.419,17008.963,900.8,17.196,102.2441,78.976,1381.0,1318.0,62.9,249.577,256.271,409.59,1307.75,16.315,1.303166
2018-04-01,4.0,101.766,101.602,17028.008,919.9,17.117,103.3468,79.8677,1365.0,1276.0,62.9,250.227,256.63,410.45,1333.45,16.52,0.930109
2018-05-01,3.8,101.941,101.78,17072.967,927.3,17.342,102.3911,79.1543,1331.0,1357.0,62.9,250.792,257.145,411.44,1307.1,16.25,1.007749
2018-06-01,4.0,102.029,101.872,17140.662,972.6,17.25,103.1924,79.7837,1338.0,1192.0,63.0,251.018,257.399,410.99,1294.6,16.42,0.913862
2018-07-01,3.8,102.137,102.006,17219.586,1004.3,17.137,103.3334,79.8874,1333.0,1208.0,63.0,251.214,257.699,408.9,1247.8,15.98,0.992798
2018-08-01,3.8,102.208,102.016,17282.357,1027.5,17.044,104.0807,80.4472,1293.0,1288.0,62.6,251.663,257.891,407.16,1219.0,15.475,0.983239
2018-09-01,3.7,102.418,102.205,17275.742,1053.7,17.28,104.1181,80.4471,1320.0,1250.0,62.8,252.182,258.368,405.71,1200.05,14.525,1.075156
2018-10-01,3.8,102.595,102.366,17300.819,1053.7,17.469,103.9397,80.2713,1280.0,1221.0,62.9,252.772,258.917,406.19,1189.35,14.55,1.800894
2018-11-01,3.8,102.63,102.556,17339.645,1021.3,17.552,104.0007,80.2728,1334.0,1181.0,62.9,252.594,259.439,408.21,1231.15,14.45,1.041648
2018-12-01,3.9,102.701,102.735,17538.653,1338.9,17.593,103.9946,80.2161,1320.0,1095.0,63.0,252.767,260.063,409.27,1230.3,14.385,1.176724
2019-01-01,4.0,102.714,102.878,17576.867,1303.5,16.376,103.373,79.6792,1254.0,1232.0,63.1,252.718,260.686,411.03,1282.9,15.44,1.242883
2019-02-01,3.8,102.862,102.959,17646.366,1352.9,16.439,102.8292,79.2011,1302.0,1128.0,63.1,253.322,261.067,411.96,1318.7,16.01,0.952156
2019-03-01,3.8,103.056,103.049,17688.891,1273.0,17.228,102.8286,79.1387,1291.0,1195.0,63.0,254.202,261.537,412.18,1311.95,15.56,2.00199
2019-04-01,3.7,103.371,103.274,17666.603,1229.1,16.29,102.2481,78.626,1298.0,1267.0,62.8,255.211,261.976,413.54,1293.5,15.07,1.579695
2019-05-01,3.6,103.426,103.381,17671.573,1165.1,17.456,102.4192,78.6889,1338.0,1307.0,62.9,255.29,262.304,414.86,1283.8,14.88,1.065975
2019-06-01,3.6,103.469,103.586,17696.609,1141.8,17.29,102.4893,78.6717,1301.0,1228.0,63.0,255.159,262.859,414.15,1317.1,14.705,1.188288
2019-07-01,3.7,103.608,103.706,17690.334,1099.6,17.148,102.0236,78.2415,1347.0,1245.0,63.1,255.685,263.313,411.96,1390.1,15.26,0.988267
2019-08-01,3.6,103.661,103.811,17772.936,1143.5,17.32,102.7754,78.7426,1528.0,1367.0,63.1,256.059,263.975,410.17,1406.8,16.005,1.127508
2019-09-01,3.5,103.754,103.889,17805.954,1167.8,17.187,102.5315,78.4845,1491.0,1300.0,63.2,256.511,264.425,408.76,1525.95,18.35,1.481513
2019-10-01,3.6,103.961,104.048,17842.762,1195.0,16.567,101.6022,77.7075,1538.0,1332.0,63.3,257.244,264.94,408.74,1473.45,17.11,1.725694
2019-11-01,3.6,103.997,104.066,17914.64,1168.0,17.143,102.148,78.0665,1522.0,1346.0,63.3,257.803,265.484,410.47,1508.8,18.12,1.554565
2019-12-01,3.6,104.282,104.279,17820.676,1051.4,17.088,101.884,77.8163,1461.0,1551.0,63.3,258.616,265.924,411.97,1461.15,16.875,1.78374
2020-01-01,3.6,104.458,104.475,18018.293,1191.4,16.4,101.3768,77.3913,1500.0,1572.0,63.3,259.037,266.626,413.59,1527.1,17.925,1.962001
2020-02-01,3.5,104.551,104.664,18101.789,1281.1,16.57,101.633,77.5663,1440.0,1565.0,63.3,259.248,267.283,414.32,1574.75,17.77,2.131356
2020-03-01,4.4,104.238,104.586,17822.059,2040.6,11.353,97.6672,74.5352,1348.0,1267.0,62.6,258.124,267.09,414.71,1599.65,16.915,1.940757
2020-04-01,14.8,103.796,104.237,19992.025,5976.4,8.482,84.5979,64.5714,1050.0,925.0,60.1,256.092,265.771,416.42,1576.55,14.015,1.706246
2020-05-01,13.2,103.89,104.364,19132.89,4036.2,12.259,85.9732,65.6487,1253.0,1054.0,60.8,255.868,265.574,417.28,1686.25,14.845,1.433958
2020-06-01,11.0,104.199,104.527,19118.13,3258.4,13.187,91.5625,69.9664,1329.0,1266.0,61.5,256.986,265.952,416.58,1730.6,18.16,1.1228
2020-07-01,10.2,104.541,104.913,19314.46,3221.3,14.888,95.0144,72.6784,1526.0,1529.0,61.5,258.278,267.352,414.58,1771.05,18.22,1.157106
2020-08-01,8.4,104.869,105.229,18684.453,2433.3,15.446,95.8881,73.4452,1564.0,1377.0,61.7,259.411,268.469,412.75,1958.55,24.23,1.135498
2020-09-01,7.8,105.048,105.39,18796.082,2308.6,16.323,95.8444,73.5298,1643.0,1463.0,61.5,260.029,268.938,411.49,1972.35,28.885,1.455181
2020-10-01,6.8,105.124,105.47,18795.426,2232.3,16.214,96.4292,74.1142,1622.0,1537.0,61.7,260.286,269.236,411.48,1902.0,23.62,1.644783
2020-11-01,6.7,105.197,105.552,18641.586,2078.3,15.946,96.8564,74.5927,1713.0,1545.0,61.5,260.813,269.901,413.1,1889.9,23.975,2.323874
2020-12-01,6.7,105.707,105.899,18707.602,2085.0,16.594,97.9754,75.6169,1760.0,1663.0,61.5,262.035,270.267,414.23,1810.75,23.535,1.543222
2021-01-01,6.4,106.145,106.267,20501.131,3699.8,16.142,98.7836,76.4136,1866.0,1602.0,61.3,262.65,270.383,415.49,1943.2,27.27,1.640109
2021-02-01,6.2,106.522,106.499,19013.898,2256.4,15.623,95.3744,73.9408,1700.0,1422.0,61.4,263.638,270.727,416.72,1862.95,29.585,0.752874
2021-03-01,6.1,107.066,106.945,22856.702,5712.9,17.766,98.1351,76.2498,1731.0,1700.0,61.5,264.914,271.526,417.61,1734.15,26.89,1.359999
2021-04-01,6.1,107.662,107.594,19788.085,2285.3,18.011,98.2886,76.5375,1714.0,1484.0,61.6,266.67,273.615,419.01,1726.05,24.315,1.358055
2021-05-01,5.8,108.207,108.167,19314.56,1800.3,17.095,99.1508,77.3697,1680.0,1600.0,61.5,268.444,275.654,419.09,1797.75,26.825,1.189269
2021-06-01,5.9,108.755,108.655,19249.026,1580.3,15.512,99.5096,77.7972,1644.0,1661.0,61.7,270.559,277.676,418.92,1899.35,28.21,1.393935
2021-07-01,5.4,109.28,109.12,19359.925,1730.8,14.863,100.1231,78.4064,1618.0,1593.0,61.8,271.764,278.522,416.9,1781.5,26.26,1.276595
2021-08-01,5.1,109.74,109.458,19325.007,1604.8,13.325,100.1255,78.5176,1837.0,1576.0,61.8,272.87,279.057,414.42,1811.45,25.405,1.231347
2021-09-01,4.7,110.096,109.684,19120.766,1320.8,12.315,99.0614,77.7675,1636.0,1560.0,61.7,274.028,279.755,413.26,1811.8,23.92,1.275481
2021-10-01,4.5,110.808,110.217,19133.495,1202.4,12.827,100.3045,78.8064,1727.0,1572.0,61.8,276.522,281.588,413.9,1757.05,22.095,1.963918
2021-11-01,4.1,111.494,110.778,19102.141,1137.4,13.109,101.1971,79.5489,1775.0,1712.0,61.9,278.711,283.34,414.97,1793.8,23.865,1.960093
2021-12-01,3.9,112.24,111.446,19024.303,1115.2,12.775,100.886,79.3243,1948.0,1787.0,62.0,280.887,285.193,416.67,1789.25,22.86,1.380717
2022-01-01,4.0,112.829,111.973,18873.524,741.0,14.376,101.0227,79.4322,1898.0,1669.0,62.2,282.599,286.792,418.13,1811.4,22.89,1.535961
2022-02-01,3.8,113.496,112.436,18878.407,749.1,13.667,101.6766,79.9253,1817.0,1771.0,62.2,284.61,288.147,419.24,1799.85,22.88,1.319882
2022-03-01,3.6,114.446,112.88,18795.364,621.1,13.577,102.478,80.5162,1877.0,1713.0,62.3,287.472,289.046,418.76,1922.0,24.64,1.992524
2022-04-01,3.7,114.789,113.248,18800.822,576.9,14.036,102.7953,80.7112,1795.0,1803.0,62.2,288.611,290.41,420.19,1929.4,24.69,1.349252
2022-05-01,3.6,115.446,113.656,18759.493,577.9,12.937,102.7769,80.6275,1708.0,1543.0,62.3,291.268,292.251,420.97,1869.7,22.63,1.100346
2022-06-01,3.6,116.495,114.297,18662.365,502.4,13.266,102.6863,80.4742,1701.0,1561.0,62.2,294.728,294.017,420.94,1844.9,21.61,1.203285
2022-07-01,3.5,116.511,114.534,18805.531,648.4,13.493,103.1328,80.7318,1658.0,1371.0,62.1,294.628,294.925,418.85,1797.45,19.725,1.129096
2022-08-01,3.6,116.89,115.158,18841.863,613.2,13.497,103.2344,80.7118,1586.0,1505.0,62.4,295.32,296.639,417.15,1772.4,20.405,1.343791
2022-09-01,3.5,117.314,115.686,18856.687,576.2,13.701,103.5283,80.8369,1588.0,1463.0,62.3,296.539,298.339,415.91,1694.3,17.77,1.370884
2022-10-01,3.6,117.842,116.087,18874.608,579.4,14.682,103.4114,80.6377,1555.0,1432.0,62.3,297.987,299.333,415.74,1668.4,19.415,1.926899
2022-11-01,3.6,118.104,116.417,18854.311,636.0,14.271,103.0707,80.2626,1402.0,1427.0,62.1,298.598,300.261,417.47,1645.25,20.0,1.344979
2022-12-01,3.5,118.348,116.868,18853.146,651.9,13.55,101.4848,78.9195,1409.0,1357.0,62.3,298.99,301.46,418.99,1803.15,22.135,1.230128
2023-01-01,3.4,119.011,117.461,18927.097,871.1,15.106,102.5478,79.6374,1354.0,1340.0,62.4,300.536,302.702,419.48,1843.25,24.295,1.612478
2023-02-01,3.6,119.386,117.883,18970.735,926.0,14.876,102.5671,79.5454,1482.0,1436.0,62.5,301.648,304.07,420.3,1925.9,23.495,1.718555
2023-03-01,3.5,119.53,118.279,19039.516,1047.5,14.93,102.6592,79.5118,1437.0,1380.0,62.6,301.808,305.24,420.98,1841.25,20.995,2.093148
2023-04-01,3.4,119.893,118.642,19022.031,1042.5,15.676,103.1512,79.79,1417.0,1348.0,62.6,302.918,306.489,423.36,1983.3,23.925,0.852146
2023-05-01,3.7,120.02,118.984,19060.676,1060.0,15.518,102.924,79.5144,1496.0,1583.0,62.6,303.294,307.824,424.0,1995.4,24.77,1.163276
2023-06-01,3.6,120.221,119.189,19066.014,980.1,16.058,102.3002,78.9361,1441.0,1418.0,62.6,303.841,308.309,423.68,1974.35,23.49,1.144932
2023-07-01,3.5,120.373,119.332,19084.305,881.1,15.939,103.19,79.5299,1443.0,1451.0,62.6,304.348,308.801,421.83,1928.75,22.775,1.476531
2023-08-01,3.8,120.803,119.449,19098.603,895.3,15.296,103.2411,79.48,1541.0,1305.0,62.8,306.269,309.661,419.68,1947.2,24.515,1.80445
2023-09-01,3.8,121.267,119.842,19088.877,777.2,15.77,103.3346,79.4657,1471.0,1356.0,62.8,307.481,310.661,418.51,1940.55,24.645,2.015067
2023-10-01,3.8,121.299,120.01,19134.088,840.4,15.468,102.4592,78.7091,1498.0,1376.0,62.7,307.619,311.365,418.82,1833.05,21.62,2.533319
2023-11-01,3.7,121.218,120.088,19220.584,849.6,15.536,102.4301,78.6052,1467.0,1525.0,62.8,307.917,312.251,420.46,1986.35,22.67,2.890713
2023-12-01,3.7,121.421,120.294,19237.854,766.7,16.115,102.484,78.5666,1493.0,1460.0,62.5,308.85,313.216,421.86,2045.4,25.16,2.523067
